verkauf_id,produkt_id,datum,menge,preis,umsatz
1,P001,2023-01-01,41,65.25,2675.25
2,P001,2023-01-02,69,53.33,3679.77
3,P001,2023-01-03,69,53.33,3679.77
4,P001,2023-01-04,66,51.3,3385.8
5,P001,2023-01-05,35,65.54,2293.9
6,P001,2023-01-06,59,53.72,3169.48
7,P001,2023-01-07,56,53.74,3009.44
8,P001,2023-01-08,36,57.47,2068.92
9,P001,2023-01-09,44,55.36,2435.84
10,P001,2023-01-10,53,55.37,2934.61
11,P001,2023-01-11,61,56.49,3445.89
12,P001,2023-01-12,52,53.99,2807.48
13,P001,2023-01-13,42,58.7,2465.4
14,P001,2023-01-14,44,60.1,2644.4
15,P001,2023-01-15,50,53.55,2677.5
16,P001,2023-01-16,40,61.25,2450.0
17,P001,2023-01-17,47,57.59,2706.73
18,P001,2023-01-18,50,51.51,2575.5
19,P001,2023-01-19,43,64.63,2779.09
20,P001,2023-01-20,42,55.67,2338.14
21,P001,2023-01-21,37,58.79,2175.23
22,P001,2023-01-22,38,65.53,2490.14
23,P001,2023-01-23,45,62.62,2817.9
24,P001,2023-01-24,58,52.32,3034.56
25,P001,2023-01-25,53,53.93,2858.29
26,P001,2023-01-26,46,56.82,2613.72
27,P001,2023-01-27,48,55.06,2642.88
28,P001,2023-01-28,60,55.2,3312.0
29,P001,2023-01-29,47,59.13,2779.11
30,P001,2023-01-30,54,52.11,2813.94
31,P001,2023-01-31,33,65.79,2171.07
32,P001,2023-02-01,69,51.07,3523.83
33,P001,2023-02-02,49,63.22,3097.78
34,P001,2023-02-03,49,62.56,3065.44
35,P001,2023-02-04,53,52.1,2761.3
36,P001,2023-02-05,39,63.94,2493.66
37,P001,2023-02-06,43,60.34,2594.62
38,P001,2023-02-07,52,55.66,2894.32
39,P001,2023-02-08,60,55.87,3352.2
40,P001,2023-02-09,50,64.3,3215.0
41,P001,2023-02-10,52,58.07,3019.64
42,P001,2023-02-11,39,62.4,2433.6
43,P001,2023-02-12,47,59.41,2792.27
44,P001,2023-02-13,61,58.83,3588.63
45,P001,2023-02-14,51,57.4,2927.4
46,P001,2023-02-15,51,55.71,2841.21
47,P001,2023-02-16,47,58.62,2755.14
48,P001,2023-02-17,54,57.15,3086.1
49,P001,2023-02-18,38,62.32,2368.16
50,P001,2023-02-19,37,64.93,2402.41
51,P001,2023-02-20,48,63.11,3029.28
52,P001,2023-02-21,44,63.04,2773.76
53,P001,2023-02-22,58,53.79,3119.82
54,P001,2023-02-23,49,63.1,3091.9
55,P001,2023-02-24,37,64.43,2383.91
56,P001,2023-02-25,53,54.41,2883.73
57,P001,2023-02-26,53,57.4,3042.2
58,P001,2023-02-27,65,51.1,3321.5
59,P001,2023-02-28,39,58.65,2287.35
60,P001,2023-03-01,60,52.79,3167.4
61,P001,2023-03-02,55,56.05,3082.75
62,P001,2023-03-03,55,58.77,3232.35
63,P001,2023-03-04,50,61.54,3077.0
64,P001,2023-03-05,42,65.43,2748.06
65,P001,2023-03-06,44,54.77,2409.88
66,P001,2023-03-07,58,55.26,3205.08
67,P001,2023-03-08,67,51.54,3453.18
68,P001,2023-03-09,95,51.76,4917.2
69,P001,2023-03-10,57,55.17,3144.69
70,P001,2023-03-11,66,53.16,3508.56
71,P001,2023-03-12,63,58.33,3674.79
72,P001,2023-03-13,67,54.56,3655.52
73,P001,2023-03-14,58,61.91,3590.78
74,P001,2023-03-15,40,60.49,2419.6
75,P001,2023-03-16,44,59.03,2597.32
76,P001,2023-03-17,61,51.6,3147.6
77,P001,2023-03-18,40,59.85,2394.0
78,P001,2023-03-19,49,60.67,2972.83
79,P001,2023-03-20,54,53.61,2894.94
80,P001,2023-03-21,54,65.04,3512.16
81,P001,2023-03-22,56,53.05,2970.8
82,P001,2023-03-23,41,64.86,2659.26
83,P001,2023-03-24,50,64.15,3207.5
84,P001,2023-03-25,38,63.25,2403.5
85,P001,2023-03-26,40,59.32,2372.8
86,P001,2023-03-27,66,52.39,3457.74
87,P001,2023-03-28,45,64.45,2900.25
88,P001,2023-03-29,64,56.08,3589.12
89,P001,2023-03-30,61,56.23,3430.03
90,P001,2023-03-31,46,64.3,2957.8
91,P001,2023-04-01,45,62.69,2821.05
92,P001,2023-04-02,69,53.42,3685.98
93,P001,2023-04-03,49,64.47,3159.03
94,P001,2023-04-04,65,51.07,3319.55
95,P001,2023-04-05,89,53.4,4752.6
96,P001,2023-04-06,56,60.77,3403.12
97,P001,2023-04-07,56,54.35,3043.6
98,P001,2023-04-08,69,55.87,3855.03
99,P001,2023-04-09,58,62.19,3607.02
100,P001,2023-04-10,56,60.85,3407.6
101,P001,2023-04-11,53,59.51,3154.03
102,P001,2023-04-12,57,54.97,3133.29
103,P001,2023-04-13,63,54.65,3442.95
104,P001,2023-04-14,50,64.37,3218.5
105,P001,2023-04-15,53,60.46,3204.38
106,P001,2023-04-16,68,59.64,4055.52
107,P001,2023-04-17,62,58.38,3619.56
108,P001,2023-04-18,55,55.2,3036.0
109,P001,2023-04-19,61,51.36,3132.96
110,P001,2023-04-20,50,65.1,3255.0
111,P001,2023-04-21,44,65.3,2873.2
112,P001,2023-04-22,81,51.22,4148.82
113,P001,2023-04-23,50,64.91,3245.5
114,P001,2023-04-24,45,65.44,2944.8
115,P001,2023-04-25,42,63.78,2678.76
116,P001,2023-04-26,38,63.76,2422.88
117,P001,2023-04-27,64,55.74,3567.36
118,P001,2023-04-28,38,65.03,2471.14
119,P001,2023-04-29,45,61.43,2764.35
120,P001,2023-04-30,55,60.22,3312.1
121,P001,2023-05-01,48,65.84,3160.32
122,P001,2023-05-02,42,64.15,2694.3
123,P001,2023-05-03,63,62.1,3912.3
124,P001,2023-05-04,75,56.38,4228.5
125,P001,2023-05-05,71,55.39,3932.69
126,P001,2023-05-06,55,64.0,3520.0
127,P001,2023-05-07,53,64.69,3428.57
128,P001,2023-05-08,93,62.96,5855.28
129,P001,2023-05-09,64,60.74,3887.36
130,P001,2023-05-10,55,64.34,3538.7
131,P001,2023-05-11,58,56.06,3251.48
132,P001,2023-05-12,56,59.66,3340.96
133,P001,2023-05-13,107,51.53,5513.71
134,P001,2023-05-14,50,55.29,2764.5
135,P001,2023-05-15,53,59.85,3172.05
136,P001,2023-05-16,85,52.9,4496.5
137,P001,2023-05-17,53,58.82,3117.46
138,P001,2023-05-18,62,60.33,3740.46
139,P001,2023-05-19,74,52.27,3867.98
140,P001,2023-05-20,53,59.1,3132.3
141,P001,2023-05-21,41,60.55,2482.55
142,P001,2023-05-22,54,62.92,3397.68
143,P001,2023-05-23,59,55.05,3247.95
144,P001,2023-05-24,75,51.37,3852.75
145,P001,2023-05-25,52,65.43,3402.36
146,P001,2023-05-26,71,57.12,4055.52
147,P001,2023-05-27,65,53.59,3483.35
148,P001,2023-05-28,53,59.23,3139.19
149,P001,2023-05-29,45,61.71,2776.95
150,P001,2023-05-30,56,65.31,3657.36
151,P001,2023-05-31,73,62.06,4530.38
152,P001,2023-06-01,74,57.28,4238.72
153,P001,2023-06-02,83,54.71,4540.93
154,P001,2023-06-03,70,51.21,3584.7
155,P001,2023-06-04,79,52.73,4165.67
156,P001,2023-06-05,69,58.1,4008.9
157,P001,2023-06-06,46,52.46,2413.16
158,P001,2023-06-07,61,53.59,3268.99
159,P001,2023-06-08,80,57.5,4600.0
160,P001,2023-06-09,46,60.52,2783.92
161,P001,2023-06-10,95,51.67,4908.65
162,P001,2023-06-11,49,58.54,2868.46
163,P001,2023-06-12,45,63.84,2872.8
164,P001,2023-06-13,81,52.05,4216.05
165,P001,2023-06-14,58,60.63,3516.54
166,P001,2023-06-15,47,65.09,3059.23
167,P001,2023-06-16,75,59.62,4471.5
168,P001,2023-06-17,52,57.86,3008.72
169,P001,2023-06-18,58,59.17,3431.86
170,P001,2023-06-19,54,65.41,3532.14
171,P001,2023-06-20,53,64.57,3422.21
172,P001,2023-06-21,69,52.06,3592.14
173,P001,2023-06-22,61,55.78,3402.58
174,P001,2023-06-23,84,52.76,4431.84
175,P001,2023-06-24,64,61.44,3932.16
176,P001,2023-06-25,57,62.02,3535.14
177,P001,2023-06-26,47,63.04,2962.88
178,P001,2023-06-27,50,62.25,3112.5
179,P001,2023-06-28,53,63.09,3343.77
180,P001,2023-06-29,66,56.57,3733.62
181,P001,2023-06-30,58,62.64,3633.12
182,P001,2023-07-01,49,63.87,3129.63
183,P001,2023-07-02,70,57.43,4020.1
184,P001,2023-07-03,82,52.54,4308.28
185,P001,2023-07-04,60,64.53,3871.8
186,P001,2023-07-05,65,55.79,3626.35
187,P001,2023-07-06,52,64.42,3349.84
188,P001,2023-07-07,48,65.25,3132.0
189,P001,2023-07-08,51,59.59,3039.09
190,P001,2023-07-09,90,55.39,4985.1
191,P001,2023-07-10,77,55.92,4305.84
192,P001,2023-07-11,59,62.86,3708.74
193,P001,2023-07-12,52,62.83,3267.16
194,P001,2023-07-13,65,51.85,3370.25
195,P001,2023-07-14,67,59.23,3968.41
196,P001,2023-07-15,63,56.25,3543.75
197,P001,2023-07-16,77,52.75,4061.75
198,P001,2023-07-17,52,60.26,3133.52
199,P001,2023-07-18,76,52.51,3990.76
200,P001,2023-07-19,69,52.08,3593.52
201,P001,2023-07-20,48,63.32,3039.36
202,P001,2023-07-21,76,52.26,3971.76
203,P001,2023-07-22,39,65.79,2565.81
204,P001,2023-07-23,42,63.18,2653.56
205,P001,2023-07-24,44,65.2,2868.8
206,P001,2023-07-25,51,62.65,3195.15
207,P001,2023-07-26,66,59.37,3918.42
208,P001,2023-07-27,71,52.66,3738.86
209,P001,2023-07-28,60,58.38,3502.8
210,P001,2023-07-29,72,51.84,3732.48
211,P001,2023-07-30,76,52.77,4010.52
212,P001,2023-07-31,47,62.18,2922.46
213,P001,2023-08-01,53,59.74,3166.22
214,P001,2023-08-02,67,55.28,3703.76
215,P001,2023-08-03,49,64.02,3136.98
216,P001,2023-08-04,70,52.1,3647.0
217,P001,2023-08-05,55,59.3,3261.5
218,P001,2023-08-06,57,60.43,3444.51
219,P001,2023-08-07,71,61.43,4361.53
220,P001,2023-08-08,48,59.75,2868.0
221,P001,2023-08-09,65,64.51,4193.15
222,P001,2023-08-10,56,55.15,3088.4
223,P001,2023-08-11,48,53.81,2582.88
224,P001,2023-08-12,50,59.74,2987.0
225,P001,2023-08-13,74,52.16,3859.84
226,P001,2023-08-14,82,55.63,4561.66
227,P001,2023-08-15,43,63.2,2717.6
228,P001,2023-08-16,50,64.65,3232.5
229,P001,2023-08-17,40,63.33,2533.2
230,P001,2023-08-18,61,64.98,3963.78
231,P001,2023-08-19,57,63.98,3646.86
232,P001,2023-08-20,42,65.8,2763.6
233,P001,2023-08-21,52,53.25,2769.0
234,P001,2023-08-22,56,65.54,3670.24
235,P001,2023-08-23,47,63.62,2990.14
236,P001,2023-08-24,71,57.21,4061.91
237,P001,2023-08-25,63,55.09,3470.67
238,P001,2023-08-26,50,62.52,3126.0
239,P001,2023-08-27,43,65.16,2801.88
240,P001,2023-08-28,64,57.75,3696.0
241,P001,2023-08-29,69,52.93,3652.17
242,P001,2023-08-30,70,54.42,3809.4
243,P001,2023-08-31,41,61.07,2503.87
244,P001,2023-09-01,77,52.69,4057.13
245,P001,2023-09-02,61,61.06,3724.66
246,P001,2023-09-03,53,58.79,3115.87
247,P001,2023-09-04,61,63.77,3889.97
248,P001,2023-09-05,57,64.14,3655.98
249,P001,2023-09-06,61,57.04,3479.44
250,P001,2023-09-07,59,61.55,3631.45
251,P001,2023-09-08,71,54.19,3847.49
252,P001,2023-09-09,42,56.87,2388.54
253,P001,2023-09-10,52,57.55,2992.6
254,P001,2023-09-11,58,58.7,3404.6
255,P001,2023-09-12,59,62.74,3701.66
256,P001,2023-09-13,36,63.92,2301.12
257,P001,2023-09-14,33,65.23,2152.59
258,P001,2023-09-15,53,57.88,3067.64
259,P001,2023-09-16,31,65.69,2036.39
260,P001,2023-09-17,49,60.49,2964.01
261,P001,2023-09-18,63,54.59,3439.17
262,P001,2023-09-19,53,53.72,2847.16
263,P001,2023-09-20,56,56.18,3146.08
264,P001,2023-09-21,56,61.0,3416.0
265,P001,2023-09-22,57,53.58,3054.06
266,P001,2023-09-23,55,53.65,2950.75
267,P001,2023-09-24,63,52.32,3296.16
268,P001,2023-09-25,52,54.09,2812.68
269,P001,2023-09-26,75,56.45,4233.75
270,P001,2023-09-27,67,51.58,3455.86
271,P001,2023-09-28,41,62.98,2582.18
272,P001,2023-09-29,46,64.09,2948.14
273,P001,2023-09-30,43,64.8,2786.4
274,P001,2023-10-01,41,63.08,2586.28
275,P001,2023-10-02,40,62.21,2488.4
276,P001,2023-10-03,47,56.55,2657.85
277,P001,2023-10-04,39,58.26,2272.14
278,P001,2023-10-05,61,57.93,3533.73
279,P001,2023-10-06,47,62.2,2923.4
280,P001,2023-10-07,51,58.67,2992.17
281,P001,2023-10-08,47,58.97,2771.59
282,P001,2023-10-09,41,58.98,2418.18
283,P001,2023-10-10,49,54.63,2676.87
284,P001,2023-10-11,50,51.29,2564.5
285,P001,2023-10-12,48,55.82,2679.36
286,P001,2023-10-13,50,52.79,2639.5
287,P001,2023-10-14,52,64.35,3346.2
288,P001,2023-10-15,49,62.83,3078.67
289,P001,2023-10-16,49,58.47,2865.03
290,P001,2023-10-17,41,59.79,2451.39
291,P001,2023-10-18,37,62.17,2300.29
292,P001,2023-10-19,53,55.25,2928.25
293,P001,2023-10-20,60,56.44,3386.4
294,P001,2023-10-21,69,56.33,3886.77
295,P001,2023-10-22,32,65.79,2105.28
296,P001,2023-10-23,65,52.52,3413.8
297,P001,2023-10-24,52,53.28,2770.56
298,P001,2023-10-25,53,53.79,2850.87
299,P001,2023-10-26,54,55.27,2984.58
300,P001,2023-10-27,45,57.15,2571.75
301,P001,2023-10-28,38,65.72,2497.36
302,P001,2023-10-29,34,65.53,2228.02
303,P001,2023-10-30,38,63.97,2430.86
304,P001,2023-10-31,64,53.55,3427.2
305,P001,2023-11-01,43,61.02,2623.86
306,P001,2023-11-02,50,59.56,2978.0
307,P001,2023-11-03,46,55.19,2538.74
308,P001,2023-11-04,55,55.85,3071.75
309,P001,2023-11-05,37,57.37,2122.69
310,P001,2023-11-06,56,52.71,2951.76
311,P001,2023-11-07,48,60.15,2887.2
312,P001,2023-11-08,43,53.31,2292.33
313,P001,2023-11-09,42,58.21,2444.82
314,P001,2023-11-10,50,56.04,2802.0
315,P001,2023-11-11,64,53.01,3392.64
316,P001,2023-11-12,48,54.81,2630.88
317,P001,2023-11-13,46,61.21,2815.66
318,P001,2023-11-14,58,58.06,3367.48
319,P001,2023-11-15,52,57.17,2972.84
320,P001,2023-11-16,38,63.45,2411.1
321,P001,2023-11-17,39,65.46,2552.94
322,P001,2023-11-18,34,65.06,2212.04
323,P001,2023-11-19,55,53.71,2954.05
324,P001,2023-11-20,43,59.61,2563.23
325,P001,2023-11-21,41,63.62,2608.42
326,P001,2023-11-22,50,54.02,2701.0
327,P001,2023-11-23,58,53.45,3100.1
328,P001,2023-11-24,40,60.97,2438.8
329,P001,2023-11-25,52,58.84,3059.68
330,P001,2023-11-26,46,56.88,2616.48
331,P001,2023-11-27,29,63.24,1833.96
332,P001,2023-11-28,40,57.93,2317.2
333,P001,2023-11-29,51,55.51,2831.01
334,P001,2023-11-30,68,54.47,3703.96
335,P001,2023-12-01,43,64.48,2772.64
336,P001,2023-12-02,27,64.59,1743.93
337,P001,2023-12-03,34,60.35,2051.9
338,P001,2023-12-04,64,53.08,3397.12
339,P001,2023-12-05,43,62.9,2704.7
340,P001,2023-12-06,53,64.4,3413.2
341,P001,2023-12-07,37,62.82,2324.34
342,P001,2023-12-08,45,54.72,2462.4
343,P001,2023-12-09,41,62.15,2548.15
344,P001,2023-12-10,37,62.43,2309.91
345,P001,2023-12-11,44,64.14,2822.16
346,P001,2023-12-12,51,52.65,2685.15
347,P001,2023-12-13,37,63.69,2356.53
348,P001,2023-12-14,34,62.95,2140.3
349,P001,2023-12-15,60,53.24,3194.4
350,P001,2023-12-16,35,61.79,2162.65
351,P001,2023-12-17,45,60.61,2727.45
352,P001,2023-12-18,68,54.77,3724.36
353,P001,2023-12-19,37,56.18,2078.66
354,P001,2023-12-20,58,57.92,3359.36
355,P001,2023-12-21,38,65.2,2477.6
356,P001,2023-12-22,38,58.58,2226.04
357,P001,2023-12-23,44,60.16,2647.04
358,P001,2023-12-24,46,61.44,2826.24
359,P001,2023-12-25,33,64.83,2139.39
360,P001,2023-12-26,47,59.63,2802.61
361,P001,2023-12-27,54,60.09,3244.86
362,P001,2023-12-28,34,65.0,2210.0
363,P001,2023-12-29,32,64.87,2075.84
364,P001,2023-12-30,36,65.76,2367.36
365,P001,2023-12-31,39,63.57,2479.23
366,P002,2023-01-01,56,94.97,5318.32
367,P002,2023-01-02,64,86.36,5527.04
368,P002,2023-01-03,51,85.11,4340.61
369,P002,2023-01-04,55,93.33,5133.15
370,P002,2023-01-05,28,107.99,3023.72
371,P002,2023-01-06,59,93.65,5525.35
372,P002,2023-01-07,41,96.3,3948.3
373,P002,2023-01-08,43,90.61,3896.23
374,P002,2023-01-09,51,89.4,4559.4
375,P002,2023-01-10,51,97.45,4969.95
376,P002,2023-01-11,47,94.05,4420.35
377,P002,2023-01-12,38,99.5,3781.0
378,P002,2023-01-13,42,109.02,4578.84
379,P002,2023-01-14,47,88.71,4169.37
380,P002,2023-01-15,37,109.91,4066.67
381,P002,2023-01-16,41,97.55,3999.55
382,P002,2023-01-17,42,103.74,4357.08
383,P002,2023-01-18,50,90.24,4512.0
384,P002,2023-01-19,53,89.76,4757.28
385,P002,2023-01-20,81,85.91,6958.71
386,P002,2023-01-21,46,86.63,3984.98
387,P002,2023-01-22,51,104.38,5323.38
388,P002,2023-01-23,31,96.01,2976.31
389,P002,2023-01-24,40,95.01,3800.4
390,P002,2023-01-25,53,89.54,4745.62
391,P002,2023-01-26,39,106.53,4154.67
392,P002,2023-01-27,54,91.76,4955.04
393,P002,2023-01-28,41,101.09,4144.69
394,P002,2023-01-29,52,88.89,4622.28
395,P002,2023-01-30,42,102.89,4321.38
396,P002,2023-01-31,51,90.54,4617.54
397,P002,2023-02-01,54,90.77,4901.58
398,P002,2023-02-02,54,89.45,4830.3
399,P002,2023-02-03,43,101.31,4356.33
400,P002,2023-02-04,52,91.07,4735.64
401,P002,2023-02-05,46,103.05,4740.3
402,P002,2023-02-06,52,94.92,4935.84
403,P002,2023-02-07,41,101.69,4169.29
404,P002,2023-02-08,36,107.4,3866.4
405,P002,2023-02-09,46,85.32,3924.72
406,P002,2023-02-10,54,107.31,5794.74
407,P002,2023-02-11,36,105.43,3795.48
408,P002,2023-02-12,45,94.48,4251.6
409,P002,2023-02-13,52,99.75,5187.0
410,P002,2023-02-14,40,95.23,3809.2
411,P002,2023-02-15,36,98.79,3556.44
412,P002,2023-02-16,38,108.7,4130.6
413,P002,2023-02-17,51,104.08,5308.08
414,P002,2023-02-18,43,104.99,4514.57
415,P002,2023-02-19,69,95.62,6597.78
416,P002,2023-02-20,59,91.44,5394.96
417,P002,2023-02-21,46,88.48,4070.08
418,P002,2023-02-22,54,91.8,4957.2
419,P002,2023-02-23,46,85.45,3930.7
420,P002,2023-02-24,51,98.84,5040.84
421,P002,2023-02-25,42,101.28,4253.76
422,P002,2023-02-26,64,85.27,5457.28
423,P002,2023-02-27,71,88.41,6277.11
424,P002,2023-02-28,57,101.62,5792.34
425,P002,2023-03-01,58,89.38,5184.04
426,P002,2023-03-02,61,94.57,5768.77
427,P002,2023-03-03,49,97.96,4800.04
428,P002,2023-03-04,51,100.07,5103.57
429,P002,2023-03-05,46,91.12,4191.52
430,P002,2023-03-06,49,93.88,4600.12
431,P002,2023-03-07,52,102.97,5354.44
432,P002,2023-03-08,40,96.89,3875.6
433,P002,2023-03-09,50,101.58,5079.0
434,P002,2023-03-10,60,90.36,5421.6
435,P002,2023-03-11,69,85.77,5918.13
436,P002,2023-03-12,50,86.28,4314.0
437,P002,2023-03-13,40,97.4,3896.0
438,P002,2023-03-14,54,104.26,5630.04
439,P002,2023-03-15,63,87.66,5522.58
440,P002,2023-03-16,49,97.38,4771.62
441,P002,2023-03-17,38,102.2,3883.6
442,P002,2023-03-18,43,105.47,4535.21
443,P002,2023-03-19,39,104.97,4093.83
444,P002,2023-03-20,58,99.75,5785.5
445,P002,2023-03-21,45,94.01,4230.45
446,P002,2023-03-22,49,98.54,4828.46
447,P002,2023-03-23,51,106.81,5447.31
448,P002,2023-03-24,54,101.46,5478.84
449,P002,2023-03-25,45,102.3,4603.5
450,P002,2023-03-26,57,97.23,5542.11
451,P002,2023-03-27,66,90.52,5974.32
452,P002,2023-03-28,64,85.84,5493.76
453,P002,2023-03-29,52,102.43,5326.36
454,P002,2023-03-30,42,109.27,4589.34
455,P002,2023-03-31,52,108.6,5647.2
456,P002,2023-04-01,49,106.1,5198.9
457,P002,2023-04-02,49,92.97,4555.53
458,P002,2023-04-03,70,88.01,6160.7
459,P002,2023-04-04,57,86.92,4954.44
460,P002,2023-04-05,62,103.11,6392.82
461,P002,2023-04-06,71,86.63,6150.73
462,P002,2023-04-07,38,104.76,3980.88
463,P002,2023-04-08,68,92.96,6321.28
464,P002,2023-04-09,56,100.39,5621.84
465,P002,2023-04-10,69,90.81,6265.89
466,P002,2023-04-11,50,104.96,5248.0
467,P002,2023-04-12,56,109.94,6156.64
468,P002,2023-04-13,52,95.04,4942.08
469,P002,2023-04-14,65,96.99,6304.35
470,P002,2023-04-15,49,109.59,5369.91
471,P002,2023-04-16,39,104.2,4063.8
472,P002,2023-04-17,39,103.43,4033.77
473,P002,2023-04-18,59,90.96,5366.64
474,P002,2023-04-19,54,92.17,4977.18
475,P002,2023-04-20,45,92.4,4158.0
476,P002,2023-04-21,44,101.98,4487.12
477,P002,2023-04-22,61,90.45,5517.45
478,P002,2023-04-23,43,106.97,4599.71
479,P002,2023-04-24,67,108.61,7276.87
480,P002,2023-04-25,58,89.17,5171.86
481,P002,2023-04-26,56,109.77,6147.12
482,P002,2023-04-27,71,97.81,6944.51
483,P002,2023-04-28,58,90.76,5264.08
484,P002,2023-04-29,58,89.65,5199.7
485,P002,2023-04-30,47,104.48,4910.56
486,P002,2023-05-01,49,109.22,5351.78
487,P002,2023-05-02,49,107.08,5246.92
488,P002,2023-05-03,45,103.95,4677.75
489,P002,2023-05-04,58,102.39,5938.62
490,P002,2023-05-05,62,90.6,5617.2
491,P002,2023-05-06,94,90.59,8515.46
492,P002,2023-05-07,66,99.49,6566.34
493,P002,2023-05-08,66,87.28,5760.48
494,P002,2023-05-09,75,88.23,6617.25
495,P002,2023-05-10,56,107.21,6003.76
496,P002,2023-05-11,68,98.76,6715.68
497,P002,2023-05-12,54,87.17,4707.18
498,P002,2023-05-13,54,91.48,4939.92
499,P002,2023-05-14,48,103.08,4947.84
500,P002,2023-05-15,66,90.5,5973.0
501,P002,2023-05-16,33,102.07,3368.31
502,P002,2023-05-17,50,99.8,4990.0
503,P002,2023-05-18,64,105.61,6759.04
504,P002,2023-05-19,49,99.13,4857.37
505,P002,2023-05-20,67,91.67,6141.89
506,P002,2023-05-21,58,101.45,5884.1
507,P002,2023-05-22,55,106.25,5843.75
508,P002,2023-05-23,58,105.91,6142.78
509,P002,2023-05-24,64,102.43,6555.52
510,P002,2023-05-25,68,103.81,7059.08
511,P002,2023-05-26,64,88.96,5693.44
512,P002,2023-05-27,48,103.58,4971.84
513,P002,2023-05-28,72,89.01,6408.72
514,P002,2023-05-29,63,97.68,6153.84
515,P002,2023-05-30,82,85.15,6982.3
516,P002,2023-05-31,40,109.52,4380.8
517,P002,2023-06-01,64,100.79,6450.56
518,P002,2023-06-02,49,98.49,4826.01
519,P002,2023-06-03,57,104.49,5955.93
520,P002,2023-06-04,56,98.52,5517.12
521,P002,2023-06-05,61,109.06,6652.66
522,P002,2023-06-06,42,108.29,4548.18
523,P002,2023-06-07,73,87.55,6391.15
524,P002,2023-06-08,76,86.69,6588.44
525,P002,2023-06-09,62,92.51,5735.62
526,P002,2023-06-10,60,99.54,5972.4
527,P002,2023-06-11,60,93.64,5618.4
528,P002,2023-06-12,54,106.78,5766.12
529,P002,2023-06-13,54,109.33,5903.82
530,P002,2023-06-14,68,85.61,5821.48
531,P002,2023-06-15,72,85.54,6158.88
532,P002,2023-06-16,40,104.25,4170.0
533,P002,2023-06-17,44,102.07,4491.08
534,P002,2023-06-18,47,109.92,5166.24
535,P002,2023-06-19,52,95.64,4973.28
536,P002,2023-06-20,53,104.86,5557.58
537,P002,2023-06-21,66,102.33,6753.78
538,P002,2023-06-22,80,91.82,7345.6
539,P002,2023-06-23,50,108.76,5438.0
540,P002,2023-06-24,43,108.58,4668.94
541,P002,2023-06-25,52,95.48,4964.96
542,P002,2023-06-26,85,91.85,7807.25
543,P002,2023-06-27,58,109.59,6356.22
544,P002,2023-06-28,65,90.74,5898.1
545,P002,2023-06-29,68,90.32,6141.76
546,P002,2023-06-30,61,94.2,5746.2
547,P002,2023-07-01,56,106.6,5969.6
548,P002,2023-07-02,67,89.63,6005.21
549,P002,2023-07-03,57,106.7,6081.9
550,P002,2023-07-04,58,106.11,6154.38
551,P002,2023-07-05,47,104.02,4888.94
552,P002,2023-07-06,75,85.8,6435.0
553,P002,2023-07-07,61,108.01,6588.61
554,P002,2023-07-08,64,97.03,6209.92
555,P002,2023-07-09,73,87.92,6418.16
556,P002,2023-07-10,54,95.75,5170.5
557,P002,2023-07-11,60,90.0,5400.0
558,P002,2023-07-12,57,99.54,5673.78
559,P002,2023-07-13,59,91.72,5411.48
560,P002,2023-07-14,70,96.37,6745.9
561,P002,2023-07-15,70,85.28,5969.6
562,P002,2023-07-16,54,96.99,5237.46
563,P002,2023-07-17,66,99.99,6599.34
564,P002,2023-07-18,44,106.49,4685.56
565,P002,2023-07-19,53,104.49,5537.97
566,P002,2023-07-20,64,87.61,5607.04
567,P002,2023-07-21,94,91.04,8557.76
568,P002,2023-07-22,55,102.55,5640.25
569,P002,2023-07-23,51,98.98,5047.98
570,P002,2023-07-24,63,93.76,5906.88
571,P002,2023-07-25,70,85.82,6007.4
572,P002,2023-07-26,61,88.31,5386.91
573,P002,2023-07-27,67,99.18,6645.06
574,P002,2023-07-28,73,89.99,6569.27
575,P002,2023-07-29,70,89.18,6242.6
576,P002,2023-07-30,49,102.65,5029.85
577,P002,2023-07-31,94,85.78,8063.32
578,P002,2023-08-01,52,106.76,5551.52
579,P002,2023-08-02,47,102.84,4833.48
580,P002,2023-08-03,59,105.36,6216.24
581,P002,2023-08-04,68,86.99,5915.32
582,P002,2023-08-05,57,105.42,6008.94
583,P002,2023-08-06,61,96.3,5874.3
584,P002,2023-08-07,71,103.28,7332.88
585,P002,2023-08-08,57,87.03,4960.71
586,P002,2023-08-09,46,104.73,4817.58
587,P002,2023-08-10,82,101.46,8319.72
588,P002,2023-08-11,51,102.97,5251.47
589,P002,2023-08-12,53,90.7,4807.1
590,P002,2023-08-13,57,102.0,5814.0
591,P002,2023-08-14,78,86.8,6770.4
592,P002,2023-08-15,51,103.17,5261.67
593,P002,2023-08-16,39,103.56,4038.84
594,P002,2023-08-17,51,94.27,4807.77
595,P002,2023-08-18,37,109.68,4058.16
596,P002,2023-08-19,69,103.12,7115.28
597,P002,2023-08-20,44,97.16,4275.04
598,P002,2023-08-21,50,99.8,4990.0
599,P002,2023-08-22,52,107.8,5605.6
600,P002,2023-08-23,44,100.78,4434.32
601,P002,2023-08-24,55,103.32,5682.6
602,P002,2023-08-25,44,107.72,4739.68
603,P002,2023-08-26,67,89.48,5995.16
604,P002,2023-08-27,54,97.3,5254.2
605,P002,2023-08-28,60,91.17,5470.2
606,P002,2023-08-29,65,97.86,6360.9
607,P002,2023-08-30,50,93.97,4698.5
608,P002,2023-08-31,61,94.77,5780.97
609,P002,2023-09-01,49,109.22,5351.78
610,P002,2023-09-02,46,93.12,4283.52
611,P002,2023-09-03,37,104.33,3860.21
612,P002,2023-09-04,59,86.83,5122.97
613,P002,2023-09-05,43,89.24,3837.32
614,P002,2023-09-06,48,105.71,5074.08
615,P002,2023-09-07,59,95.76,5649.84
616,P002,2023-09-08,39,102.66,4003.74
617,P002,2023-09-09,67,89.17,5974.39
618,P002,2023-09-10,63,96.86,6102.18
619,P002,2023-09-11,48,106.09,5092.32
620,P002,2023-09-12,55,106.7,5868.5
621,P002,2023-09-13,56,90.14,5047.84
622,P002,2023-09-14,57,86.42,4925.94
623,P002,2023-09-15,50,98.27,4913.5
624,P002,2023-09-16,38,108.34,4116.92
625,P002,2023-09-17,51,92.89,4737.39
626,P002,2023-09-18,60,88.7,5322.0
627,P002,2023-09-19,44,109.65,4824.6
628,P002,2023-09-20,49,106.69,5227.81
629,P002,2023-09-21,39,96.36,3758.04
630,P002,2023-09-22,76,101.66,7726.16
631,P002,2023-09-23,52,88.48,4600.96
632,P002,2023-09-24,54,101.83,5498.82
633,P002,2023-09-25,46,109.24,5025.04
634,P002,2023-09-26,48,96.08,4611.84
635,P002,2023-09-27,49,106.69,5227.81
636,P002,2023-09-28,40,105.94,4237.6
637,P002,2023-09-29,44,108.6,4778.4
638,P002,2023-09-30,67,100.44,6729.48
639,P002,2023-10-01,39,106.71,4161.69
640,P002,2023-10-02,42,108.26,4546.92
641,P002,2023-10-03,38,102.23,3884.74
642,P002,2023-10-04,50,101.46,5073.0
643,P002,2023-10-05,45,94.84,4267.8
644,P002,2023-10-06,47,101.44,4767.68
645,P002,2023-10-07,47,109.97,5168.59
646,P002,2023-10-08,42,104.55,4391.1
647,P002,2023-10-09,51,99.17,5057.67
648,P002,2023-10-10,53,95.09,5039.77
649,P002,2023-10-11,60,93.17,5590.2
650,P002,2023-10-12,48,104.05,4994.4
651,P002,2023-10-13,52,104.93,5456.36
652,P002,2023-10-14,54,88.0,4752.0
653,P002,2023-10-15,39,98.6,3845.4
654,P002,2023-10-16,35,102.38,3583.3
655,P002,2023-10-17,40,94.7,3788.0
656,P002,2023-10-18,48,94.32,4527.36
657,P002,2023-10-19,55,90.67,4986.85
658,P002,2023-10-20,41,101.7,4169.7
659,P002,2023-10-21,33,100.48,3315.84
660,P002,2023-10-22,38,106.57,4049.66
661,P002,2023-10-23,45,97.97,4408.65
662,P002,2023-10-24,51,93.52,4769.52
663,P002,2023-10-25,63,94.5,5953.5
664,P002,2023-10-26,36,98.33,3539.88
665,P002,2023-10-27,51,100.19,5109.69
666,P002,2023-10-28,48,102.94,4941.12
667,P002,2023-10-29,39,108.88,4246.32
668,P002,2023-10-30,44,108.17,4759.48
669,P002,2023-10-31,56,86.5,4844.0
670,P002,2023-11-01,58,87.53,5076.74
671,P002,2023-11-02,40,97.14,3885.6
672,P002,2023-11-03,42,92.67,3892.14
673,P002,2023-11-04,31,105.07,3257.17
674,P002,2023-11-05,46,100.25,4611.5
675,P002,2023-11-06,38,102.89,3909.82
676,P002,2023-11-07,42,88.04,3697.68
677,P002,2023-11-08,45,89.52,4028.4
678,P002,2023-11-09,49,98.12,4807.88
679,P002,2023-11-10,43,102.72,4416.96
680,P002,2023-11-11,44,91.4,4021.6
681,P002,2023-11-12,48,109.06,5234.88
682,P002,2023-11-13,44,98.75,4345.0
683,P002,2023-11-14,59,86.08,5078.72
684,P002,2023-11-15,45,100.03,4501.35
685,P002,2023-11-16,39,105.47,4113.33
686,P002,2023-11-17,54,90.29,4875.66
687,P002,2023-11-18,52,100.26,5213.52
688,P002,2023-11-19,38,107.49,4084.62
689,P002,2023-11-20,54,93.83,5066.82
690,P002,2023-11-21,45,91.86,4133.7
691,P002,2023-11-22,53,105.55,5594.15
692,P002,2023-11-23,47,87.38,4106.86
693,P002,2023-11-24,61,100.59,6135.99
694,P002,2023-11-25,43,89.19,3835.17
695,P002,2023-11-26,40,103.41,4136.4
696,P002,2023-11-27,57,87.38,4980.66
697,P002,2023-11-28,67,85.58,5733.86
698,P002,2023-11-29,57,98.66,5623.62
699,P002,2023-11-30,63,90.79,5719.77
700,P002,2023-12-01,35,97.41,3409.35
701,P002,2023-12-02,40,109.68,4387.2
702,P002,2023-12-03,41,95.1,3899.1
703,P002,2023-12-04,53,95.7,5072.1
704,P002,2023-12-05,44,109.77,4829.88
705,P002,2023-12-06,54,88.2,4762.8
706,P002,2023-12-07,40,99.45,3978.0
707,P002,2023-12-08,41,91.84,3765.44
708,P002,2023-12-09,43,93.87,4036.41
709,P002,2023-12-10,48,86.73,4163.04
710,P002,2023-12-11,40,105.0,4200.0
711,P002,2023-12-12,58,90.83,5268.14
712,P002,2023-12-13,43,101.26,4354.18
713,P002,2023-12-14,37,98.31,3637.47
714,P002,2023-12-15,35,101.73,3560.55
715,P002,2023-12-16,42,109.84,4613.28
716,P002,2023-12-17,55,103.26,5679.3
717,P002,2023-12-18,46,96.62,4444.52
718,P002,2023-12-19,34,108.93,3703.62
719,P002,2023-12-20,44,89.37,3932.28
720,P002,2023-12-21,48,98.39,4722.72
721,P002,2023-12-22,67,87.41,5856.47
722,P002,2023-12-23,45,93.68,4215.6
723,P002,2023-12-24,39,101.61,3962.79
724,P002,2023-12-25,42,88.8,3729.6
725,P002,2023-12-26,38,109.8,4172.4
726,P002,2023-12-27,44,106.04,4665.76
727,P002,2023-12-28,40,98.01,3920.4
728,P002,2023-12-29,42,103.87,4362.54
729,P002,2023-12-30,56,88.18,4938.08
730,P002,2023-12-31,45,102.71,4621.95
731,P003,2023-01-01,47,23.14,1087.58
732,P003,2023-01-02,50,21.79,1089.5
733,P003,2023-01-03,27,27.1,731.7
734,P003,2023-01-04,54,23.72,1280.88
735,P003,2023-01-05,51,24.04,1226.04
736,P003,2023-01-06,53,26.99,1430.47
737,P003,2023-01-07,47,24.35,1144.45
738,P003,2023-01-08,50,23.62,1181.0
739,P003,2023-01-09,39,26.73,1042.47
740,P003,2023-01-10,41,26.18,1073.38
741,P003,2023-01-11,52,23.14,1203.28
742,P003,2023-01-12,52,22.33,1161.16
743,P003,2023-01-13,42,25.58,1074.36
744,P003,2023-01-14,43,25.25,1085.75
745,P003,2023-01-15,38,26.38,1002.44
746,P003,2023-01-16,49,25.03,1226.47
747,P003,2023-01-17,40,26.02,1040.8
748,P003,2023-01-18,41,23.73,972.93
749,P003,2023-01-19,54,22.16,1196.64
750,P003,2023-01-20,62,21.4,1326.8
751,P003,2023-01-21,60,22.09,1325.4
752,P003,2023-01-22,38,27.28,1036.64
753,P003,2023-01-23,49,23.94,1173.06
754,P003,2023-01-24,36,23.99,863.64
755,P003,2023-01-25,51,21.9,1116.9
756,P003,2023-01-26,47,25.11,1180.17
757,P003,2023-01-27,41,25.3,1037.3
758,P003,2023-01-28,78,21.6,1684.8
759,P003,2023-01-29,36,27.46,988.56
760,P003,2023-01-30,33,27.39,903.87
761,P003,2023-01-31,50,22.74,1137.0
762,P003,2023-02-01,42,25.57,1073.94
763,P003,2023-02-02,68,21.63,1470.84
764,P003,2023-02-03,41,26.33,1079.53
765,P003,2023-02-04,53,25.09,1329.77
766,P003,2023-02-05,39,24.53,956.67
767,P003,2023-02-06,42,23.9,1003.8
768,P003,2023-02-07,52,23.54,1224.08
769,P003,2023-02-08,56,23.83,1334.48
770,P003,2023-02-09,47,26.05,1224.35
771,P003,2023-02-10,63,21.31,1342.53
772,P003,2023-02-11,46,21.36,982.56
773,P003,2023-02-12,53,22.86,1211.58
774,P003,2023-02-13,51,24.59,1254.09
775,P003,2023-02-14,59,22.59,1332.81
776,P003,2023-02-15,70,21.93,1535.1
777,P003,2023-02-16,57,24.66,1405.62
778,P003,2023-02-17,63,21.85,1376.55
779,P003,2023-02-18,47,24.29,1141.63
780,P003,2023-02-19,37,25.85,956.45
781,P003,2023-02-20,41,24.22,993.02
782,P003,2023-02-21,40,24.11,964.4
783,P003,2023-02-22,38,26.15,993.7
784,P003,2023-02-23,51,25.54,1302.54
785,P003,2023-02-24,57,23.98,1366.86
786,P003,2023-02-25,62,21.48,1331.76
787,P003,2023-02-26,54,26.88,1451.52
788,P003,2023-02-27,41,25.36,1039.76
789,P003,2023-02-28,47,26.83,1261.01
790,P003,2023-03-01,90,21.66,1949.4
791,P003,2023-03-02,56,24.48,1370.88
792,P003,2023-03-03,48,24.44,1173.12
793,P003,2023-03-04,45,25.49,1147.05
794,P003,2023-03-05,73,21.69,1583.37
795,P003,2023-03-06,60,21.32,1279.2
796,P003,2023-03-07,51,23.43,1194.93
797,P003,2023-03-08,39,26.08,1017.12
798,P003,2023-03-09,71,22.33,1585.43
799,P003,2023-03-10,83,21.86,1814.38
800,P003,2023-03-11,69,22.9,1580.1
801,P003,2023-03-12,85,21.37,1816.45
802,P003,2023-03-13,44,25.14,1106.16
803,P003,2023-03-14,55,23.63,1299.65
804,P003,2023-03-15,48,25.08,1203.84
805,P003,2023-03-16,48,26.08,1251.84
806,P003,2023-03-17,100,21.5,2150.0
807,P003,2023-03-18,37,27.29,1009.73
808,P003,2023-03-19,46,27.36,1258.56
809,P003,2023-03-20,63,25.0,1575.0
810,P003,2023-03-21,48,26.31,1262.88
811,P003,2023-03-22,46,25.34,1165.64
812,P003,2023-03-23,36,27.04,973.44
813,P003,2023-03-24,54,22.64,1222.56
814,P003,2023-03-25,41,23.99,983.59
815,P003,2023-03-26,48,25.07,1203.36
816,P003,2023-03-27,41,26.78,1097.98
817,P003,2023-03-28,55,25.28,1390.4
818,P003,2023-03-29,39,26.62,1038.18
819,P003,2023-03-30,42,26.53,1114.26
820,P003,2023-03-31,48,25.96,1246.08
821,P003,2023-04-01,63,24.12,1519.56
822,P003,2023-04-02,54,26.09,1408.86
823,P003,2023-04-03,54,25.34,1368.36
824,P003,2023-04-04,35,27.39,958.65
825,P003,2023-04-05,47,27.1,1273.7
826,P003,2023-04-06,43,26.35,1133.05
827,P003,2023-04-07,83,22.58,1874.14
828,P003,2023-04-08,50,25.82,1291.0
829,P003,2023-04-09,58,24.63,1428.54
830,P003,2023-04-10,96,23.1,2217.6
831,P003,2023-04-11,62,24.77,1535.74
832,P003,2023-04-12,56,25.22,1412.32
833,P003,2023-04-13,48,26.0,1248.0
834,P003,2023-04-14,66,21.3,1405.8
835,P003,2023-04-15,65,22.78,1480.7
836,P003,2023-04-16,42,26.24,1102.08
837,P003,2023-04-17,89,22.52,2004.28
838,P003,2023-04-18,57,25.09,1430.13
839,P003,2023-04-19,84,22.42,1883.28
840,P003,2023-04-20,51,24.7,1259.7
841,P003,2023-04-21,71,21.27,1510.17
842,P003,2023-04-22,48,27.23,1307.04
843,P003,2023-04-23,55,23.54,1294.7
844,P003,2023-04-24,61,23.15,1412.15
845,P003,2023-04-25,59,26.72,1576.48
846,P003,2023-04-26,43,26.78,1151.54
847,P003,2023-04-27,44,24.95,1097.8
848,P003,2023-04-28,39,25.59,998.01
849,P003,2023-04-29,64,21.26,1360.64
850,P003,2023-04-30,58,26.2,1519.6
851,P003,2023-05-01,73,21.82,1592.86
852,P003,2023-05-02,81,25.25,2045.25
853,P003,2023-05-03,102,21.65,2208.3
854,P003,2023-05-04,79,24.74,1954.46
855,P003,2023-05-05,66,25.01,1650.66
856,P003,2023-05-06,77,22.93,1765.61
857,P003,2023-05-07,44,26.4,1161.6
858,P003,2023-05-08,81,21.61,1750.41
859,P003,2023-05-09,75,23.33,1749.75
860,P003,2023-05-10,59,26.17,1544.03
861,P003,2023-05-11,50,24.47,1223.5
862,P003,2023-05-12,66,23.29,1537.14
863,P003,2023-05-13,62,23.95,1484.9
864,P003,2023-05-14,56,24.98,1398.88
865,P003,2023-05-15,45,25.84,1162.8
866,P003,2023-05-16,74,25.22,1866.28
867,P003,2023-05-17,49,26.15,1281.35
868,P003,2023-05-18,43,26.49,1139.07
869,P003,2023-05-19,86,23.64,2033.04
870,P003,2023-05-20,94,22.39,2104.66
871,P003,2023-05-21,68,23.5,1598.0
872,P003,2023-05-22,53,23.11,1224.83
873,P003,2023-05-23,43,27.12,1166.16
874,P003,2023-05-24,38,26.69,1014.22
875,P003,2023-05-25,53,26.5,1404.5
876,P003,2023-05-26,57,24.1,1373.7
877,P003,2023-05-27,61,24.26,1479.86
878,P003,2023-05-28,82,23.97,1965.54
879,P003,2023-05-29,48,25.8,1238.4
880,P003,2023-05-30,61,25.05,1528.05
881,P003,2023-05-31,86,22.09,1899.74
882,P003,2023-06-01,57,27.22,1551.54
883,P003,2023-06-02,81,21.67,1755.27
884,P003,2023-06-03,70,22.88,1601.6
885,P003,2023-06-04,70,22.78,1594.6
886,P003,2023-06-05,76,22.94,1743.44
887,P003,2023-06-06,66,25.99,1715.34
888,P003,2023-06-07,79,21.65,1710.35
889,P003,2023-06-08,43,24.29,1044.47
890,P003,2023-06-09,78,23.41,1825.98
891,P003,2023-06-10,49,26.86,1316.14
892,P003,2023-06-11,52,27.09,1408.68
893,P003,2023-06-12,66,21.57,1423.62
894,P003,2023-06-13,50,25.81,1290.5
895,P003,2023-06-14,52,27.37,1423.24
896,P003,2023-06-15,62,22.48,1393.76
897,P003,2023-06-16,64,24.77,1585.28
898,P003,2023-06-17,58,25.04,1452.32
899,P003,2023-06-18,61,23.43,1429.23
900,P003,2023-06-19,44,26.56,1168.64
901,P003,2023-06-20,51,24.75,1262.25
902,P003,2023-06-21,50,26.62,1331.0
903,P003,2023-06-22,55,25.76,1416.8
904,P003,2023-06-23,57,24.64,1404.48
905,P003,2023-06-24,69,21.75,1500.75
906,P003,2023-06-25,50,22.28,1114.0
907,P003,2023-06-26,51,27.15,1384.65
908,P003,2023-06-27,72,24.13,1737.36
909,P003,2023-06-28,72,23.81,1714.32
910,P003,2023-06-29,112,21.63,2422.56
911,P003,2023-06-30,60,24.44,1466.4
912,P003,2023-07-01,100,21.57,2157.0
913,P003,2023-07-02,46,26.15,1202.9
914,P003,2023-07-03,67,22.27,1492.09
915,P003,2023-07-04,69,23.3,1607.7
916,P003,2023-07-05,94,22.52,2116.88
917,P003,2023-07-06,46,26.73,1229.58
918,P003,2023-07-07,36,27.4,986.4
919,P003,2023-07-08,59,26.06,1537.54
920,P003,2023-07-09,58,24.61,1427.38
921,P003,2023-07-10,63,24.35,1534.05
922,P003,2023-07-11,45,26.38,1187.1
923,P003,2023-07-12,66,23.62,1558.92
924,P003,2023-07-13,56,23.04,1290.24
925,P003,2023-07-14,67,26.19,1754.73
926,P003,2023-07-15,59,26.23,1547.57
927,P003,2023-07-16,65,23.72,1541.8
928,P003,2023-07-17,86,22.23,1911.78
929,P003,2023-07-18,49,25.59,1253.91
930,P003,2023-07-19,57,26.6,1516.2
931,P003,2023-07-20,45,26.9,1210.5
932,P003,2023-07-21,70,22.39,1567.3
933,P003,2023-07-22,41,26.83,1100.03
934,P003,2023-07-23,67,23.99,1607.33
935,P003,2023-07-24,57,25.09,1430.13
936,P003,2023-07-25,57,27.28,1554.96
937,P003,2023-07-26,54,23.85,1287.9
938,P003,2023-07-27,51,26.75,1364.25
939,P003,2023-07-28,76,23.91,1817.16
940,P003,2023-07-29,78,25.74,2007.72
941,P003,2023-07-30,49,26.8,1313.2
942,P003,2023-07-31,70,22.41,1568.7
943,P003,2023-08-01,47,26.6,1250.2
944,P003,2023-08-02,61,25.68,1566.48
945,P003,2023-08-03,79,23.21,1833.59
946,P003,2023-08-04,58,24.11,1398.38
947,P003,2023-08-05,76,23.48,1784.48
948,P003,2023-08-06,63,23.34,1470.42
949,P003,2023-08-07,80,22.33,1786.4
950,P003,2023-08-08,81,21.87,1771.47
951,P003,2023-08-09,64,22.74,1455.36
952,P003,2023-08-10,51,24.06,1227.06
953,P003,2023-08-11,59,25.92,1529.28
954,P003,2023-08-12,79,23.44,1851.76
955,P003,2023-08-13,50,26.5,1325.0
956,P003,2023-08-14,53,25.2,1335.6
957,P003,2023-08-15,61,22.03,1343.83
958,P003,2023-08-16,61,25.53,1557.33
959,P003,2023-08-17,80,21.68,1734.4
960,P003,2023-08-18,66,22.66,1495.56
961,P003,2023-08-19,53,26.47,1402.91
962,P003,2023-08-20,42,25.58,1074.36
963,P003,2023-08-21,49,24.44,1197.56
964,P003,2023-08-22,71,21.45,1522.95
965,P003,2023-08-23,70,23.14,1619.8
966,P003,2023-08-24,47,26.68,1253.96
967,P003,2023-08-25,54,26.03,1405.62
968,P003,2023-08-26,79,22.87,1806.73
969,P003,2023-08-27,50,26.91,1345.5
970,P003,2023-08-28,99,21.93,2171.07
971,P003,2023-08-29,70,24.03,1682.1
972,P003,2023-08-30,55,24.66,1356.3
973,P003,2023-08-31,57,23.62,1346.34
974,P003,2023-09-01,45,25.86,1163.7
975,P003,2023-09-02,46,26.98,1241.08
976,P003,2023-09-03,57,23.07,1314.99
977,P003,2023-09-04,47,26.93,1265.71
978,P003,2023-09-05,80,21.35,1708.0
979,P003,2023-09-06,35,27.26,954.1
980,P003,2023-09-07,51,26.42,1347.42
981,P003,2023-09-08,65,23.0,1495.0
982,P003,2023-09-09,91,21.84,1987.44
983,P003,2023-09-10,63,22.75,1433.25
984,P003,2023-09-11,58,23.12,1340.96
985,P003,2023-09-12,43,24.98,1074.14
986,P003,2023-09-13,39,25.88,1009.32
987,P003,2023-09-14,83,21.54,1787.82
988,P003,2023-09-15,54,26.82,1448.28
989,P003,2023-09-16,64,22.4,1433.6
990,P003,2023-09-17,43,26.21,1127.03
991,P003,2023-09-18,73,21.46,1566.58
992,P003,2023-09-19,85,21.64,1839.4
993,P003,2023-09-20,38,26.44,1004.72
994,P003,2023-09-21,72,21.83,1571.76
995,P003,2023-09-22,48,26.92,1292.16
996,P003,2023-09-23,46,26.73,1229.58
997,P003,2023-09-24,34,24.81,843.54
998,P003,2023-09-25,66,23.22,1532.52
999,P003,2023-09-26,60,23.96,1437.6
1000,P003,2023-09-27,52,26.82,1394.64
1001,P003,2023-09-28,70,24.01,1680.7
1002,P003,2023-09-29,61,24.94,1521.34
1003,P003,2023-09-30,48,25.63,1230.24
1004,P003,2023-10-01,50,21.89,1094.5
1005,P003,2023-10-02,74,23.64,1749.36
1006,P003,2023-10-03,37,27.18,1005.66
1007,P003,2023-10-04,47,24.99,1174.53
1008,P003,2023-10-05,59,25.2,1486.8
1009,P003,2023-10-06,59,21.68,1279.12
1010,P003,2023-10-07,41,24.19,991.79
1011,P003,2023-10-08,63,21.53,1356.39
1012,P003,2023-10-09,34,27.31,928.54
1013,P003,2023-10-10,45,23.31,1048.95
1014,P003,2023-10-11,46,25.06,1152.76
1015,P003,2023-10-12,57,23.0,1311.0
1016,P003,2023-10-13,55,21.28,1170.4
1017,P003,2023-10-14,65,21.29,1383.85
1018,P003,2023-10-15,37,26.26,971.62
1019,P003,2023-10-16,36,24.82,893.52
1020,P003,2023-10-17,39,27.06,1055.34
1021,P003,2023-10-18,54,23.72,1280.88
1022,P003,2023-10-19,57,21.95,1251.15
1023,P003,2023-10-20,64,23.4,1497.6
1024,P003,2023-10-21,50,24.32,1216.0
1025,P003,2023-10-22,39,25.63,999.57
1026,P003,2023-10-23,41,23.88,979.08
1027,P003,2023-10-24,54,23.81,1285.74
1028,P003,2023-10-25,50,25.04,1252.0
1029,P003,2023-10-26,52,23.17,1204.84
1030,P003,2023-10-27,59,22.85,1348.15
1031,P003,2023-10-28,84,21.61,1815.24
1032,P003,2023-10-29,73,21.96,1603.08
1033,P003,2023-10-30,38,23.64,898.32
1034,P003,2023-10-31,57,22.0,1254.0
1035,P003,2023-11-01,48,23.86,1145.28
1036,P003,2023-11-02,62,21.74,1347.88
1037,P003,2023-11-03,53,23.46,1243.38
1038,P003,2023-11-04,45,25.48,1146.6
1039,P003,2023-11-05,50,23.5,1175.0
1040,P003,2023-11-06,43,25.22,1084.46
1041,P003,2023-11-07,42,26.95,1131.9
1042,P003,2023-11-08,43,25.76,1107.68
1043,P003,2023-11-09,51,21.99,1121.49
1044,P003,2023-11-10,66,21.31,1406.46
1045,P003,2023-11-11,48,23.88,1146.24
1046,P003,2023-11-12,34,24.85,844.9
1047,P003,2023-11-13,65,21.51,1398.15
1048,P003,2023-11-14,44,23.39,1029.16
1049,P003,2023-11-15,47,25.8,1212.6
1050,P003,2023-11-16,44,25.57,1125.08
1051,P003,2023-11-17,41,23.93,981.13
1052,P003,2023-11-18,61,23.16,1412.76
1053,P003,2023-11-19,48,26.17,1256.16
1054,P003,2023-11-20,37,26.38,976.06
1055,P003,2023-11-21,37,26.6,984.2
1056,P003,2023-11-22,59,23.23,1370.57
1057,P003,2023-11-23,54,24.88,1343.52
1058,P003,2023-11-24,32,25.65,820.8
1059,P003,2023-11-25,35,25.54,893.9
1060,P003,2023-11-26,46,23.93,1100.78
1061,P003,2023-11-27,56,22.13,1239.28
1062,P003,2023-11-28,66,22.21,1465.86
1063,P003,2023-11-29,78,21.4,1669.2
1064,P003,2023-11-30,64,23.37,1495.68
1065,P003,2023-12-01,47,21.69,1019.43
1066,P003,2023-12-02,36,25.47,916.92
1067,P003,2023-12-03,36,25.03,901.08
1068,P003,2023-12-04,31,27.41,849.71
1069,P003,2023-12-05,42,24.08,1011.36
1070,P003,2023-12-06,49,24.28,1189.72
1071,P003,2023-12-07,68,21.41,1455.88
1072,P003,2023-12-08,49,23.64,1158.36
1073,P003,2023-12-09,61,21.49,1310.89
1074,P003,2023-12-10,54,22.24,1200.96
1075,P003,2023-12-11,60,21.39,1283.4
1076,P003,2023-12-12,67,23.05,1544.35
1077,P003,2023-12-13,40,26.86,1074.4
1078,P003,2023-12-14,41,25.01,1025.41
1079,P003,2023-12-15,37,26.41,977.17
1080,P003,2023-12-16,53,23.65,1253.45
1081,P003,2023-12-17,42,23.37,981.54
1082,P003,2023-12-18,45,24.7,1111.5
1083,P003,2023-12-19,49,24.63,1206.87
1084,P003,2023-12-20,51,23.99,1223.49
1085,P003,2023-12-21,46,23.13,1063.98
1086,P003,2023-12-22,56,21.6,1209.6
1087,P003,2023-12-23,38,23.38,888.44
1088,P003,2023-12-24,49,24.87,1218.63
1089,P003,2023-12-25,79,22.11,1746.69
1090,P003,2023-12-26,40,24.3,972.0
1091,P003,2023-12-27,57,23.75,1353.75
1092,P003,2023-12-28,57,25.12,1431.84
1093,P003,2023-12-29,52,22.5,1170.0
1094,P003,2023-12-30,46,24.21,1113.66
1095,P003,2023-12-31,46,24.63,1132.98
1096,P004,2023-01-01,42,37.35,1568.7
1097,P004,2023-01-02,51,30.88,1574.88
1098,P004,2023-01-03,42,36.69,1540.98
1099,P004,2023-01-04,49,32.15,1575.35
1100,P004,2023-01-05,32,38.32,1226.24
1101,P004,2023-01-06,48,33.97,1630.56
1102,P004,2023-01-07,56,33.02,1849.12
1103,P004,2023-01-08,55,32.24,1773.2
1104,P004,2023-01-09,43,33.12,1424.16
1105,P004,2023-01-10,68,34.21,2326.28
1106,P004,2023-01-11,38,37.31,1417.78
1107,P004,2023-01-12,45,38.32,1724.4
1108,P004,2023-01-13,39,36.43,1420.77
1109,P004,2023-01-14,53,34.76,1842.28
1110,P004,2023-01-15,38,37.55,1426.9
1111,P004,2023-01-16,54,30.29,1635.66
1112,P004,2023-01-17,53,34.21,1813.13
1113,P004,2023-01-18,58,35.22,2042.76
1114,P004,2023-01-19,40,36.06,1442.4
1115,P004,2023-01-20,40,35.8,1432.0
1116,P004,2023-01-21,43,32.88,1413.84
1117,P004,2023-01-22,35,36.78,1287.3
1118,P004,2023-01-23,35,38.12,1334.2
1119,P004,2023-01-24,52,29.82,1550.64
1120,P004,2023-01-25,64,29.87,1911.68
1121,P004,2023-01-26,45,36.2,1629.0
1122,P004,2023-01-27,59,30.99,1828.41
1123,P004,2023-01-28,46,36.33,1671.18
1124,P004,2023-01-29,49,36.44,1785.56
1125,P004,2023-01-30,36,37.14,1337.04
1126,P004,2023-01-31,47,34.01,1598.47
1127,P004,2023-02-01,45,30.42,1368.9
1128,P004,2023-02-02,46,30.32,1394.72
1129,P004,2023-02-03,52,32.79,1705.08
1130,P004,2023-02-04,40,38.03,1521.2
1131,P004,2023-02-05,58,30.37,1761.46
1132,P004,2023-02-06,58,32.36,1876.88
1133,P004,2023-02-07,72,30.41,2189.52
1134,P004,2023-02-08,44,35.93,1580.92
1135,P004,2023-02-09,57,30.18,1720.26
1136,P004,2023-02-10,47,32.32,1519.04
1137,P004,2023-02-11,62,31.77,1969.74
1138,P004,2023-02-12,37,37.87,1401.19
1139,P004,2023-02-13,48,33.29,1597.92
1140,P004,2023-02-14,54,33.91,1831.14
1141,P004,2023-02-15,55,31.72,1744.6
1142,P004,2023-02-16,46,35.02,1610.92
1143,P004,2023-02-17,45,32.87,1479.15
1144,P004,2023-02-18,44,37.52,1650.88
1145,P004,2023-02-19,67,34.14,2287.38
1146,P004,2023-02-20,38,35.21,1337.98
1147,P004,2023-02-21,49,30.37,1488.13
1148,P004,2023-02-22,50,35.99,1799.5
1149,P004,2023-02-23,44,36.94,1625.36
1150,P004,2023-02-24,59,34.29,2023.11
1151,P004,2023-02-25,50,30.99,1549.5
1152,P004,2023-02-26,55,34.09,1874.95
1153,P004,2023-02-27,56,32.23,1804.88
1154,P004,2023-02-28,51,30.22,1541.22
1155,P004,2023-03-01,43,36.29,1560.47
1156,P004,2023-03-02,57,32.16,1833.12
1157,P004,2023-03-03,42,35.93,1509.06
1158,P004,2023-03-04,73,30.63,2235.99
1159,P004,2023-03-05,62,32.89,2039.18
1160,P004,2023-03-06,52,32.48,1688.96
1161,P004,2023-03-07,45,36.64,1648.8
1162,P004,2023-03-08,51,37.7,1922.7
1163,P004,2023-03-09,54,33.04,1784.16
1164,P004,2023-03-10,73,33.13,2418.49
1165,P004,2023-03-11,53,35.28,1869.84
1166,P004,2023-03-12,43,35.57,1529.51
1167,P004,2023-03-13,37,38.19,1413.03
1168,P004,2023-03-14,72,30.66,2207.52
1169,P004,2023-03-15,44,36.58,1609.52
1170,P004,2023-03-16,56,32.89,1841.84
1171,P004,2023-03-17,29,38.11,1105.19
1172,P004,2023-03-18,53,33.75,1788.75
1173,P004,2023-03-19,48,31.57,1515.36
1174,P004,2023-03-20,51,30.2,1540.2
1175,P004,2023-03-21,56,36.46,2041.76
1176,P004,2023-03-22,43,37.18,1598.74
1177,P004,2023-03-23,56,31.6,1769.6
1178,P004,2023-03-24,62,37.44,2321.28
1179,P004,2023-03-25,68,31.63,2150.84
1180,P004,2023-03-26,72,32.32,2327.04
1181,P004,2023-03-27,74,30.94,2289.56
1182,P004,2023-03-28,64,32.5,2080.0
1183,P004,2023-03-29,62,35.38,2193.56
1184,P004,2023-03-30,53,31.48,1668.44
1185,P004,2023-03-31,39,37.53,1463.67
1186,P004,2023-04-01,55,30.25,1663.75
1187,P004,2023-04-02,51,30.72,1566.72
1188,P004,2023-04-03,50,37.05,1852.5
1189,P004,2023-04-04,55,29.87,1642.85
1190,P004,2023-04-05,58,29.91,1734.78
1191,P004,2023-04-06,64,30.83,1973.12
1192,P004,2023-04-07,39,33.28,1297.92
1193,P004,2023-04-08,55,34.39,1891.45
1194,P004,2023-04-09,57,33.8,1926.6
1195,P004,2023-04-10,64,38.17,2442.88
1196,P004,2023-04-11,63,32.47,2045.61
1197,P004,2023-04-12,51,36.51,1862.01
1198,P004,2023-04-13,59,38.28,2258.52
1199,P004,2023-04-14,64,30.84,1973.76
1200,P004,2023-04-15,64,32.06,2051.84
1201,P004,2023-04-16,80,29.9,2392.0
1202,P004,2023-04-17,50,34.27,1713.5
1203,P004,2023-04-18,69,32.79,2262.51
1204,P004,2023-04-19,38,38.26,1453.88
1205,P004,2023-04-20,54,37.15,2006.1
1206,P004,2023-04-21,63,33.75,2126.25
1207,P004,2023-04-22,55,33.22,1827.1
1208,P004,2023-04-23,61,31.74,1936.14
1209,P004,2023-04-24,80,31.9,2552.0
1210,P004,2023-04-25,56,33.89,1897.84
1211,P004,2023-04-26,74,30.25,2238.5
1212,P004,2023-04-27,68,30.4,2067.2
1213,P004,2023-04-28,54,32.94,1778.76
1214,P004,2023-04-29,60,30.97,1858.2
1215,P004,2023-04-30,57,35.19,2005.83
1216,P004,2023-05-01,85,31.03,2637.55
1217,P004,2023-05-02,43,36.84,1584.12
1218,P004,2023-05-03,70,35.64,2494.8
1219,P004,2023-05-04,72,32.02,2305.44
1220,P004,2023-05-05,62,32.28,2001.36
1221,P004,2023-05-06,63,33.85,2132.55
1222,P004,2023-05-07,79,30.29,2392.91
1223,P004,2023-05-08,59,31.03,1830.77
1224,P004,2023-05-09,49,38.12,1867.88
1225,P004,2023-05-10,59,34.37,2027.83
1226,P004,2023-05-11,43,35.69,1534.67
1227,P004,2023-05-12,81,30.41,2463.21
1228,P004,2023-05-13,55,33.76,1856.8
1229,P004,2023-05-14,53,34.52,1829.56
1230,P004,2023-05-15,68,31.19,2120.92
1231,P004,2023-05-16,65,33.64,2186.6
1232,P004,2023-05-17,70,31.86,2230.2
1233,P004,2023-05-18,50,38.14,1907.0
1234,P004,2023-05-19,69,32.01,2208.69
1235,P004,2023-05-20,55,33.56,1845.8
1236,P004,2023-05-21,58,35.19,2041.02
1237,P004,2023-05-22,53,38.32,2030.96
1238,P004,2023-05-23,46,37.68,1733.28
1239,P004,2023-05-24,50,38.0,1900.0
1240,P004,2023-05-25,54,38.29,2067.66
1241,P004,2023-05-26,53,36.37,1927.61
1242,P004,2023-05-27,45,36.03,1621.35
1243,P004,2023-05-28,81,31.91,2584.71
1244,P004,2023-05-29,82,31.16,2555.12
1245,P004,2023-05-30,58,34.68,2011.44
1246,P004,2023-05-31,93,29.85,2776.05
1247,P004,2023-06-01,82,29.82,2445.24
1248,P004,2023-06-02,66,31.74,2094.84
1249,P004,2023-06-03,52,35.29,1835.08
1250,P004,2023-06-04,45,37.16,1672.2
1251,P004,2023-06-05,54,36.12,1950.48
1252,P004,2023-06-06,65,30.0,1950.0
1253,P004,2023-06-07,54,33.95,1833.3
1254,P004,2023-06-08,70,32.27,2258.9
1255,P004,2023-06-09,52,33.22,1727.44
1256,P004,2023-06-10,43,36.34,1562.62
1257,P004,2023-06-11,52,37.78,1964.56
1258,P004,2023-06-12,70,32.87,2300.9
1259,P004,2023-06-13,57,36.63,2087.91
1260,P004,2023-06-14,51,32.88,1676.88
1261,P004,2023-06-15,51,35.49,1809.99
1262,P004,2023-06-16,47,37.77,1775.19
1263,P004,2023-06-17,57,30.63,1745.91
1264,P004,2023-06-18,74,30.08,2225.92
1265,P004,2023-06-19,76,30.06,2284.56
1266,P004,2023-06-20,64,32.21,2061.44
1267,P004,2023-06-21,40,38.06,1522.4
1268,P004,2023-06-22,79,34.82,2750.78
1269,P004,2023-06-23,53,34.26,1815.78
1270,P004,2023-06-24,74,32.83,2429.42
1271,P004,2023-06-25,64,37.56,2403.84
1272,P004,2023-06-26,57,33.91,1932.87
1273,P004,2023-06-27,64,34.09,2181.76
1274,P004,2023-06-28,57,31.37,1788.09
1275,P004,2023-06-29,61,32.64,1991.04
1276,P004,2023-06-30,78,30.36,2368.08
1277,P004,2023-07-01,72,30.35,2185.2
1278,P004,2023-07-02,68,33.32,2265.76
1279,P004,2023-07-03,49,36.83,1804.67
1280,P004,2023-07-04,63,35.81,2256.03
1281,P004,2023-07-05,46,36.49,1678.54
1282,P004,2023-07-06,55,37.4,2057.0
1283,P004,2023-07-07,54,34.46,1860.84
1284,P004,2023-07-08,56,30.07,1683.92
1285,P004,2023-07-09,77,30.86,2376.22
1286,P004,2023-07-10,49,30.22,1480.78
1287,P004,2023-07-11,44,38.25,1683.0
1288,P004,2023-07-12,55,32.4,1782.0
1289,P004,2023-07-13,80,31.76,2540.8
1290,P004,2023-07-14,59,37.16,2192.44
1291,P004,2023-07-15,52,33.44,1738.88
1292,P004,2023-07-16,46,35.98,1655.08
1293,P004,2023-07-17,49,36.89,1807.61
1294,P004,2023-07-18,43,37.63,1618.09
1295,P004,2023-07-19,65,36.8,2392.0
1296,P004,2023-07-20,43,35.52,1527.36
1297,P004,2023-07-21,93,30.43,2829.99
1298,P004,2023-07-22,72,31.21,2247.12
1299,P004,2023-07-23,58,36.57,2121.06
1300,P004,2023-07-24,73,30.11,2198.03
1301,P004,2023-07-25,52,32.06,1667.12
1302,P004,2023-07-26,61,35.99,2195.39
1303,P004,2023-07-27,54,36.38,1964.52
1304,P004,2023-07-28,51,34.19,1743.69
1305,P004,2023-07-29,74,32.97,2439.78
1306,P004,2023-07-30,70,33.78,2364.6
1307,P004,2023-07-31,59,37.8,2230.2
1308,P004,2023-08-01,56,37.28,2087.68
1309,P004,2023-08-02,57,32.14,1831.98
1310,P004,2023-08-03,65,32.76,2129.4
1311,P004,2023-08-04,70,32.68,2287.6
1312,P004,2023-08-05,63,34.66,2183.58
1313,P004,2023-08-06,33,38.03,1254.99
1314,P004,2023-08-07,64,31.17,1994.88
1315,P004,2023-08-08,45,36.62,1647.9
1316,P004,2023-08-09,86,29.96,2576.56
1317,P004,2023-08-10,49,37.08,1816.92
1318,P004,2023-08-11,67,31.8,2130.6
1319,P004,2023-08-12,53,35.91,1903.23
1320,P004,2023-08-13,57,38.2,2177.4
1321,P004,2023-08-14,90,30.19,2717.1
1322,P004,2023-08-15,49,37.29,1827.21
1323,P004,2023-08-16,67,31.31,2097.77
1324,P004,2023-08-17,72,33.21,2391.12
1325,P004,2023-08-18,56,30.89,1729.84
1326,P004,2023-08-19,42,37.36,1569.12
1327,P004,2023-08-20,48,35.63,1710.24
1328,P004,2023-08-21,60,35.21,2112.6
1329,P004,2023-08-22,55,34.74,1910.7
1330,P004,2023-08-23,56,32.26,1806.56
1331,P004,2023-08-24,73,32.43,2367.39
1332,P004,2023-08-25,48,32.66,1567.68
1333,P004,2023-08-26,46,36.15,1662.9
1334,P004,2023-08-27,49,36.6,1793.4
1335,P004,2023-08-28,81,32.24,2611.44
1336,P004,2023-08-29,55,32.65,1795.75
1337,P004,2023-08-30,74,30.24,2237.76
1338,P004,2023-08-31,52,35.36,1838.72
1339,P004,2023-09-01,41,35.62,1460.42
1340,P004,2023-09-02,58,33.4,1937.2
1341,P004,2023-09-03,45,36.31,1633.95
1342,P004,2023-09-04,53,32.16,1704.48
1343,P004,2023-09-05,44,33.52,1474.88
1344,P004,2023-09-06,44,38.23,1682.12
1345,P004,2023-09-07,77,30.73,2366.21
1346,P004,2023-09-08,44,35.9,1579.6
1347,P004,2023-09-09,46,33.44,1538.24
1348,P004,2023-09-10,45,32.05,1442.25
1349,P004,2023-09-11,45,31.54,1419.3
1350,P004,2023-09-12,56,32.26,1806.56
1351,P004,2023-09-13,50,35.49,1774.5
1352,P004,2023-09-14,66,30.41,2007.06
1353,P004,2023-09-15,62,30.4,1884.8
1354,P004,2023-09-16,64,30.55,1955.2
1355,P004,2023-09-17,63,34.98,2203.74
1356,P004,2023-09-18,69,32.08,2213.52
1357,P004,2023-09-19,77,29.87,2299.99
1358,P004,2023-09-20,58,35.08,2034.64
1359,P004,2023-09-21,62,32.48,2013.76
1360,P004,2023-09-22,36,37.32,1343.52
1361,P004,2023-09-23,42,38.02,1596.84
1362,P004,2023-09-24,52,34.88,1813.76
1363,P004,2023-09-25,42,35.87,1506.54
1364,P004,2023-09-26,83,29.88,2480.04
1365,P004,2023-09-27,48,34.84,1672.32
1366,P004,2023-09-28,34,38.12,1296.08
1367,P004,2023-09-29,51,33.23,1694.73
1368,P004,2023-09-30,52,35.62,1852.24
1369,P004,2023-10-01,35,38.29,1340.15
1370,P004,2023-10-02,43,36.29,1560.47
1371,P004,2023-10-03,32,37.74,1207.68
1372,P004,2023-10-04,46,33.54,1542.84
1373,P004,2023-10-05,44,36.07,1587.08
1374,P004,2023-10-06,46,35.11,1615.06
1375,P004,2023-10-07,52,35.32,1836.64
1376,P004,2023-10-08,50,30.54,1527.0
1377,P004,2023-10-09,58,31.48,1825.84
1378,P004,2023-10-10,65,29.86,1940.9
1379,P004,2023-10-11,48,31.91,1531.68
1380,P004,2023-10-12,47,31.91,1499.77
1381,P004,2023-10-13,75,30.29,2271.75
1382,P004,2023-10-14,44,35.05,1542.2
1383,P004,2023-10-15,48,35.63,1710.24
1384,P004,2023-10-16,46,36.94,1699.24
1385,P004,2023-10-17,33,37.9,1250.7
1386,P004,2023-10-18,48,35.14,1686.72
1387,P004,2023-10-19,45,36.24,1630.8
1388,P004,2023-10-20,75,30.34,2275.5
1389,P004,2023-10-21,52,32.99,1715.48
1390,P004,2023-10-22,53,34.45,1825.85
1391,P004,2023-10-23,60,32.09,1925.4
1392,P004,2023-10-24,43,35.57,1529.51
1393,P004,2023-10-25,59,36.63,2161.17
1394,P004,2023-10-26,48,31.91,1531.68
1395,P004,2023-10-27,35,35.91,1256.85
1396,P004,2023-10-28,34,35.42,1204.28
1397,P004,2023-10-29,38,37.93,1441.34
1398,P004,2023-10-30,46,29.93,1376.78
1399,P004,2023-10-31,47,32.37,1521.39
1400,P004,2023-11-01,46,34.04,1565.84
1401,P004,2023-11-02,40,37.85,1514.0
1402,P004,2023-11-03,45,33.33,1499.85
1403,P004,2023-11-04,39,35.47,1383.33
1404,P004,2023-11-05,49,31.15,1526.35
1405,P004,2023-11-06,60,30.36,1821.6
1406,P004,2023-11-07,34,37.45,1273.3
1407,P004,2023-11-08,36,36.86,1326.96
1408,P004,2023-11-09,52,32.27,1678.04
1409,P004,2023-11-10,50,32.45,1622.5
1410,P004,2023-11-11,35,34.43,1205.05
1411,P004,2023-11-12,57,32.86,1873.02
1412,P004,2023-11-13,38,36.65,1392.7
1413,P004,2023-11-14,42,32.43,1362.06
1414,P004,2023-11-15,37,34.16,1263.92
1415,P004,2023-11-16,45,37.97,1708.65
1416,P004,2023-11-17,33,34.14,1126.62
1417,P004,2023-11-18,55,31.44,1729.2
1418,P004,2023-11-19,45,37.07,1668.15
1419,P004,2023-11-20,37,37.25,1378.25
1420,P004,2023-11-21,56,35.08,1964.48
1421,P004,2023-11-22,46,31.14,1432.44
1422,P004,2023-11-23,46,35.81,1647.26
1423,P004,2023-11-24,52,31.75,1651.0
1424,P004,2023-11-25,69,31.15,2149.35
1425,P004,2023-11-26,52,30.47,1584.44
1426,P004,2023-11-27,52,32.84,1707.68
1427,P004,2023-11-28,55,30.66,1686.3
1428,P004,2023-11-29,35,35.06,1227.1
1429,P004,2023-11-30,50,31.89,1594.5
1430,P004,2023-12-01,46,31.79,1462.34
1431,P004,2023-12-02,51,31.66,1614.66
1432,P004,2023-12-03,47,34.61,1626.67
1433,P004,2023-12-04,57,33.38,1902.66
1434,P004,2023-12-05,29,35.83,1039.07
1435,P004,2023-12-06,41,35.88,1471.08
1436,P004,2023-12-07,38,33.35,1267.3
1437,P004,2023-12-08,42,37.36,1569.12
1438,P004,2023-12-09,74,30.75,2275.5
1439,P004,2023-12-10,41,35.04,1436.64
1440,P004,2023-12-11,46,30.99,1425.54
1441,P004,2023-12-12,39,35.8,1396.2
1442,P004,2023-12-13,32,37.58,1202.56
1443,P004,2023-12-14,34,31.53,1072.02
1444,P004,2023-12-15,57,29.9,1704.3
1445,P004,2023-12-16,40,36.68,1467.2
1446,P004,2023-12-17,39,34.65,1351.35
1447,P004,2023-12-18,36,35.24,1268.64
1448,P004,2023-12-19,63,29.83,1879.29
1449,P004,2023-12-20,49,36.07,1767.43
1450,P004,2023-12-21,40,36.93,1477.2
1451,P004,2023-12-22,29,37.12,1076.48
1452,P004,2023-12-23,39,36.67,1430.13
1453,P004,2023-12-24,48,33.69,1617.12
1454,P004,2023-12-25,37,37.46,1386.02
1455,P004,2023-12-26,44,33.82,1488.08
1456,P004,2023-12-27,36,36.77,1323.72
1457,P004,2023-12-28,37,37.63,1392.31
1458,P004,2023-12-29,51,34.48,1758.48
1459,P004,2023-12-30,38,38.21,1451.98
1460,P004,2023-12-31,50,30.39,1519.5
1461,P005,2023-01-01,30,47.28,1418.4
1462,P005,2023-01-02,58,40.72,2361.76
1463,P005,2023-01-03,45,42.18,1898.1
1464,P005,2023-01-04,48,42.4,2035.2
1465,P005,2023-01-05,54,43.46,2346.84
1466,P005,2023-01-06,51,46.21,2356.71
1467,P005,2023-01-07,65,38.34,2492.1
1468,P005,2023-01-08,39,43.69,1703.91
1469,P005,2023-01-09,65,38.3,2489.5
1470,P005,2023-01-10,50,44.41,2220.5
1471,P005,2023-01-11,61,38.99,2378.39
1472,P005,2023-01-12,50,47.04,2352.0
1473,P005,2023-01-13,41,46.7,1914.7
1474,P005,2023-01-14,68,39.82,2707.76
1475,P005,2023-01-15,52,45.79,2381.08
1476,P005,2023-01-16,60,40.15,2409.0
1477,P005,2023-01-17,56,40.43,2264.08
1478,P005,2023-01-18,41,48.46,1986.86
1479,P005,2023-01-19,53,46.78,2479.34
1480,P005,2023-01-20,45,48.24,2170.8
1481,P005,2023-01-21,38,44.75,1700.5
1482,P005,2023-01-22,49,43.57,2134.93
1483,P005,2023-01-23,37,46.3,1713.1
1484,P005,2023-01-24,46,41.77,1921.42
1485,P005,2023-01-25,49,40.96,2007.04
1486,P005,2023-01-26,31,48.45,1501.95
1487,P005,2023-01-27,40,43.94,1757.6
1488,P005,2023-01-28,50,47.49,2374.5
1489,P005,2023-01-29,39,45.66,1780.74
1490,P005,2023-01-30,48,46.03,2209.44
1491,P005,2023-01-31,53,41.21,2184.13
1492,P005,2023-02-01,58,41.89,2429.62
1493,P005,2023-02-02,60,41.27,2476.2
1494,P005,2023-02-03,48,40.7,1953.6
1495,P005,2023-02-04,53,44.94,2381.82
1496,P005,2023-02-05,35,47.41,1659.35
1497,P005,2023-02-06,39,46.99,1832.61
1498,P005,2023-02-07,65,39.24,2550.6
1499,P005,2023-02-08,38,46.1,1751.8
1500,P005,2023-02-09,46,38.59,1775.14
1501,P005,2023-02-10,58,41.16,2387.28
1502,P005,2023-02-11,49,38.68,1895.32
1503,P005,2023-02-12,50,45.74,2287.0
1504,P005,2023-02-13,39,48.23,1880.97
1505,P005,2023-02-14,56,41.9,2346.4
1506,P005,2023-02-15,58,41.04,2380.32
1507,P005,2023-02-16,53,44.73,2370.69
1508,P005,2023-02-17,45,47.89,2155.05
1509,P005,2023-02-18,33,49.46,1632.18
1510,P005,2023-02-19,60,38.49,2309.4
1511,P005,2023-02-20,55,42.3,2326.5
1512,P005,2023-02-21,66,41.76,2756.16
1513,P005,2023-02-22,50,45.6,2280.0
1514,P005,2023-02-23,53,46.82,2481.46
1515,P005,2023-02-24,65,38.68,2514.2
1516,P005,2023-02-25,56,44.58,2496.48
1517,P005,2023-02-26,48,45.27,2172.96
1518,P005,2023-02-27,55,44.78,2462.9
1519,P005,2023-02-28,37,49.38,1827.06
1520,P005,2023-03-01,60,46.2,2772.0
1521,P005,2023-03-02,60,42.62,2557.2
1522,P005,2023-03-03,35,48.68,1703.8
1523,P005,2023-03-04,46,48.69,2239.74
1524,P005,2023-03-05,44,40.62,1787.28
1525,P005,2023-03-06,46,49.44,2274.24
1526,P005,2023-03-07,57,44.91,2559.87
1527,P005,2023-03-08,88,38.84,3417.92
1528,P005,2023-03-09,45,45.86,2063.7
1529,P005,2023-03-10,75,42.44,3183.0
1530,P005,2023-03-11,48,46.08,2211.84
1531,P005,2023-03-12,44,45.54,2003.76
1532,P005,2023-03-13,46,45.39,2087.94
1533,P005,2023-03-14,54,44.98,2428.92
1534,P005,2023-03-15,47,43.36,2037.92
1535,P005,2023-03-16,46,45.75,2104.5
1536,P005,2023-03-17,70,38.46,2692.2
1537,P005,2023-03-18,58,47.0,2726.0
1538,P005,2023-03-19,51,47.67,2431.17
1539,P005,2023-03-20,46,47.27,2174.42
1540,P005,2023-03-21,57,43.74,2493.18
1541,P005,2023-03-22,57,42.76,2437.32
1542,P005,2023-03-23,49,41.36,2026.64
1543,P005,2023-03-24,56,48.6,2721.6
1544,P005,2023-03-25,71,42.23,2998.33
1545,P005,2023-03-26,65,38.83,2523.95
1546,P005,2023-03-27,60,39.19,2351.4
1547,P005,2023-03-28,42,45.07,1892.94
1548,P005,2023-03-29,49,47.95,2349.55
1549,P005,2023-03-30,48,48.21,2314.08
1550,P005,2023-03-31,52,41.46,2155.92
1551,P005,2023-04-01,51,47.27,2410.77
1552,P005,2023-04-02,52,49.19,2557.88
1553,P005,2023-04-03,53,43.47,2303.91
1554,P005,2023-04-04,44,49.21,2165.24
1555,P005,2023-04-05,47,47.43,2229.21
1556,P005,2023-04-06,63,39.04,2459.52
1557,P005,2023-04-07,64,40.61,2599.04
1558,P005,2023-04-08,50,41.26,2063.0
1559,P005,2023-04-09,66,39.38,2599.08
1560,P005,2023-04-10,44,49.19,2164.36
1561,P005,2023-04-11,50,46.78,2339.0
1562,P005,2023-04-12,68,41.37,2813.16
1563,P005,2023-04-13,41,47.22,1936.02
1564,P005,2023-04-14,55,40.86,2247.3
1565,P005,2023-04-15,61,39.7,2421.7
1566,P005,2023-04-16,43,45.82,1970.26
1567,P005,2023-04-17,77,38.95,2999.15
1568,P005,2023-04-18,62,39.89,2473.18
1569,P005,2023-04-19,61,42.1,2568.1
1570,P005,2023-04-20,55,41.64,2290.2
1571,P005,2023-04-21,52,44.58,2318.16
1572,P005,2023-04-22,57,44.77,2551.89
1573,P005,2023-04-23,59,43.93,2591.87
1574,P005,2023-04-24,54,41.32,2231.28
1575,P005,2023-04-25,56,43.73,2448.88
1576,P005,2023-04-26,55,41.69,2292.95
1577,P005,2023-04-27,48,47.49,2279.52
1578,P005,2023-04-28,52,43.4,2256.8
1579,P005,2023-04-29,67,46.4,3108.8
1580,P005,2023-04-30,56,46.98,2630.88
1581,P005,2023-05-01,54,47.94,2588.76
1582,P005,2023-05-02,38,47.69,1812.22
1583,P005,2023-05-03,46,49.37,2271.02
1584,P005,2023-05-04,79,40.44,3194.76
1585,P005,2023-05-05,60,43.75,2625.0
1586,P005,2023-05-06,78,43.68,3407.04
1587,P005,2023-05-07,59,47.67,2812.53
1588,P005,2023-05-08,59,42.82,2526.38
1589,P005,2023-05-09,82,41.93,3438.26
1590,P005,2023-05-10,69,39.66,2736.54
1591,P005,2023-05-11,92,40.45,3721.4
1592,P005,2023-05-12,77,43.75,3368.75
1593,P005,2023-05-13,58,45.49,2638.42
1594,P005,2023-05-14,51,42.43,2163.93
1595,P005,2023-05-15,57,45.68,2603.76
1596,P005,2023-05-16,59,40.33,2379.47
1597,P005,2023-05-17,61,41.38,2524.18
1598,P005,2023-05-18,47,47.53,2233.91
1599,P005,2023-05-19,56,41.45,2321.2
1600,P005,2023-05-20,66,42.45,2801.7
1601,P005,2023-05-21,47,47.21,2218.87
1602,P005,2023-05-22,56,44.5,2492.0
1603,P005,2023-05-23,47,47.75,2244.25
1604,P005,2023-05-24,59,45.81,2702.79
1605,P005,2023-05-25,73,40.72,2972.56
1606,P005,2023-05-26,64,41.05,2627.2
1607,P005,2023-05-27,73,41.2,3007.6
1608,P005,2023-05-28,64,46.68,2987.52
1609,P005,2023-05-29,52,39.95,2077.4
1610,P005,2023-05-30,67,39.3,2633.1
1611,P005,2023-05-31,52,43.71,2272.92
1612,P005,2023-06-01,63,40.92,2577.96
1613,P005,2023-06-02,36,48.46,1744.56
1614,P005,2023-06-03,39,46.8,1825.2
1615,P005,2023-06-04,48,39.98,1919.04
1616,P005,2023-06-05,54,44.96,2427.84
1617,P005,2023-06-06,45,49.48,2226.6
1618,P005,2023-06-07,65,47.55,3090.75
1619,P005,2023-06-08,73,40.16,2931.68
1620,P005,2023-06-09,42,45.16,1896.72
1621,P005,2023-06-10,55,48.48,2666.4
1622,P005,2023-06-11,138,38.81,5355.78
1623,P005,2023-06-12,56,38.63,2163.28
1624,P005,2023-06-13,68,47.68,3242.24
1625,P005,2023-06-14,72,40.05,2883.6
1626,P005,2023-06-15,65,40.91,2659.15
1627,P005,2023-06-16,70,38.8,2716.0
1628,P005,2023-06-17,61,45.08,2749.88
1629,P005,2023-06-18,64,41.4,2649.6
1630,P005,2023-06-19,45,47.26,2126.7
1631,P005,2023-06-20,59,42.65,2516.35
1632,P005,2023-06-21,57,46.93,2675.01
1633,P005,2023-06-22,77,40.91,3150.07
1634,P005,2023-06-23,66,48.69,3213.54
1635,P005,2023-06-24,65,42.6,2769.0
1636,P005,2023-06-25,65,46.96,3052.4
1637,P005,2023-06-26,67,40.88,2738.96
1638,P005,2023-06-27,49,49.06,2403.94
1639,P005,2023-06-28,55,45.75,2516.25
1640,P005,2023-06-29,60,45.12,2707.2
1641,P005,2023-06-30,64,45.87,2935.68
1642,P005,2023-07-01,46,48.89,2248.94
1643,P005,2023-07-02,44,48.19,2120.36
1644,P005,2023-07-03,77,41.41,3188.57
1645,P005,2023-07-04,55,49.08,2699.4
1646,P005,2023-07-05,60,49.38,2962.8
1647,P005,2023-07-06,60,41.75,2505.0
1648,P005,2023-07-07,59,43.22,2549.98
1649,P005,2023-07-08,78,41.18,3212.04
1650,P005,2023-07-09,46,48.76,2242.96
1651,P005,2023-07-10,77,40.33,3105.41
1652,P005,2023-07-11,72,38.94,2803.68
1653,P005,2023-07-12,77,39.28,3024.56
1654,P005,2023-07-13,60,39.93,2395.8
1655,P005,2023-07-14,49,49.13,2407.37
1656,P005,2023-07-15,43,41.02,1763.86
1657,P005,2023-07-16,73,43.54,3178.42
1658,P005,2023-07-17,60,46.72,2803.2
1659,P005,2023-07-18,50,44.74,2237.0
1660,P005,2023-07-19,81,42.77,3464.37
1661,P005,2023-07-20,59,48.19,2843.21
1662,P005,2023-07-21,57,41.3,2354.1
1663,P005,2023-07-22,64,40.39,2584.96
1664,P005,2023-07-23,53,43.08,2283.24
1665,P005,2023-07-24,54,47.59,2569.86
1666,P005,2023-07-25,54,44.22,2387.88
1667,P005,2023-07-26,50,41.48,2074.0
1668,P005,2023-07-27,56,44.95,2517.2
1669,P005,2023-07-28,71,43.12,3061.52
1670,P005,2023-07-29,65,42.11,2737.15
1671,P005,2023-07-30,58,46.49,2696.42
1672,P005,2023-07-31,53,47.48,2516.44
1673,P005,2023-08-01,61,44.61,2721.21
1674,P005,2023-08-02,62,42.74,2649.88
1675,P005,2023-08-03,60,41.92,2515.2
1676,P005,2023-08-04,55,44.73,2460.15
1677,P005,2023-08-05,72,43.46,3129.12
1678,P005,2023-08-06,78,38.61,3011.58
1679,P005,2023-08-07,45,45.65,2054.25
1680,P005,2023-08-08,67,40.18,2692.06
1681,P005,2023-08-09,58,44.63,2588.54
1682,P005,2023-08-10,48,47.45,2277.6
1683,P005,2023-08-11,34,49.3,1676.2
1684,P005,2023-08-12,62,38.81,2406.22
1685,P005,2023-08-13,67,38.83,2601.61
1686,P005,2023-08-14,86,40.79,3507.94
1687,P005,2023-08-15,58,45.15,2618.7
1688,P005,2023-08-16,48,42.28,2029.44
1689,P005,2023-08-17,48,47.5,2280.0
1690,P005,2023-08-18,74,42.19,3122.06
1691,P005,2023-08-19,55,42.32,2327.6
1692,P005,2023-08-20,76,40.59,3084.84
1693,P005,2023-08-21,55,39.19,2155.45
1694,P005,2023-08-22,32,47.7,1526.4
1695,P005,2023-08-23,78,40.73,3176.94
1696,P005,2023-08-24,45,47.51,2137.95
1697,P005,2023-08-25,45,42.57,1915.65
1698,P005,2023-08-26,44,48.73,2144.12
1699,P005,2023-08-27,70,39.58,2770.6
1700,P005,2023-08-28,60,44.22,2653.2
1701,P005,2023-08-29,49,38.61,1891.89
1702,P005,2023-08-30,61,40.05,2443.05
1703,P005,2023-08-31,53,45.62,2417.86
1704,P005,2023-09-01,51,46.28,2360.28
1705,P005,2023-09-02,56,39.01,2184.56
1706,P005,2023-09-03,48,45.13,2166.24
1707,P005,2023-09-04,39,48.8,1903.2
1708,P005,2023-09-05,58,42.23,2449.34
1709,P005,2023-09-06,61,44.44,2710.84
1710,P005,2023-09-07,43,47.4,2038.2
1711,P005,2023-09-08,40,45.12,1804.8
1712,P005,2023-09-09,57,39.43,2247.51
1713,P005,2023-09-10,73,42.23,3082.79
1714,P005,2023-09-11,43,45.64,1962.52
1715,P005,2023-09-12,54,39.03,2107.62
1716,P005,2023-09-13,59,40.01,2360.59
1717,P005,2023-09-14,44,47.55,2092.2
1718,P005,2023-09-15,57,40.13,2287.41
1719,P005,2023-09-16,35,48.13,1684.55
1720,P005,2023-09-17,55,43.89,2413.95
1721,P005,2023-09-18,49,46.47,2277.03
1722,P005,2023-09-19,55,45.33,2493.15
1723,P005,2023-09-20,57,42.78,2438.46
1724,P005,2023-09-21,62,45.86,2843.32
1725,P005,2023-09-22,61,43.06,2626.66
1726,P005,2023-09-23,68,39.89,2712.52
1727,P005,2023-09-24,54,47.61,2570.94
1728,P005,2023-09-25,55,43.09,2369.95
1729,P005,2023-09-26,54,42.5,2295.0
1730,P005,2023-09-27,47,47.74,2243.78
1731,P005,2023-09-28,39,43.69,1703.91
1732,P005,2023-09-29,52,44.69,2323.88
1733,P005,2023-09-30,56,41.9,2346.4
1734,P005,2023-10-01,47,46.43,2182.21
1735,P005,2023-10-02,61,42.13,2569.93
1736,P005,2023-10-03,43,48.89,2102.27
1737,P005,2023-10-04,46,42.74,1966.04
1738,P005,2023-10-05,44,49.38,2172.72
1739,P005,2023-10-06,79,38.53,3043.87
1740,P005,2023-10-07,52,45.98,2390.96
1741,P005,2023-10-08,48,39.6,1900.8
1742,P005,2023-10-09,58,41.7,2418.6
1743,P005,2023-10-10,40,44.39,1775.6
1744,P005,2023-10-11,55,40.16,2208.8
1745,P005,2023-10-12,54,42.94,2318.76
1746,P005,2023-10-13,62,39.19,2429.78
1747,P005,2023-10-14,60,42.66,2559.6
1748,P005,2023-10-15,74,40.08,2965.92
1749,P005,2023-10-16,60,40.87,2452.2
1750,P005,2023-10-17,38,48.66,1849.08
1751,P005,2023-10-18,38,42.96,1632.48
1752,P005,2023-10-19,75,38.56,2892.0
1753,P005,2023-10-20,46,44.8,2060.8
1754,P005,2023-10-21,46,44.86,2063.56
1755,P005,2023-10-22,51,42.71,2178.21
1756,P005,2023-10-23,58,41.34,2397.72
1757,P005,2023-10-24,47,46.22,2172.34
1758,P005,2023-10-25,50,42.46,2123.0
1759,P005,2023-10-26,47,44.43,2088.21
1760,P005,2023-10-27,38,47.6,1808.8
1761,P005,2023-10-28,38,47.3,1797.4
1762,P005,2023-10-29,38,47.43,1802.34
1763,P005,2023-10-30,39,48.71,1899.69
1764,P005,2023-10-31,46,42.04,1933.84
1765,P005,2023-11-01,25,48.03,1200.75
1766,P005,2023-11-02,47,42.0,1974.0
1767,P005,2023-11-03,40,42.68,1707.2
1768,P005,2023-11-04,45,44.68,2010.6
1769,P005,2023-11-05,37,47.3,1750.1
1770,P005,2023-11-06,59,39.92,2355.28
1771,P005,2023-11-07,43,41.26,1774.18
1772,P005,2023-11-08,33,45.89,1514.37
1773,P005,2023-11-09,57,38.88,2216.16
1774,P005,2023-11-10,39,46.08,1797.12
1775,P005,2023-11-11,44,40.42,1778.48
1776,P005,2023-11-12,43,48.21,2073.03
1777,P005,2023-11-13,33,48.32,1594.56
1778,P005,2023-11-14,43,42.87,1843.41
1779,P005,2023-11-15,61,40.95,2497.95
1780,P005,2023-11-16,46,45.81,2107.26
1781,P005,2023-11-17,34,47.51,1615.34
1782,P005,2023-11-18,39,46.54,1815.06
1783,P005,2023-11-19,41,42.3,1734.3
1784,P005,2023-11-20,65,39.16,2545.4
1785,P005,2023-11-21,42,49.41,2075.22
1786,P005,2023-11-22,51,47.98,2446.98
1787,P005,2023-11-23,72,41.5,2988.0
1788,P005,2023-11-24,44,42.87,1886.28
1789,P005,2023-11-25,53,43.05,2281.65
1790,P005,2023-11-26,30,47.81,1434.3
1791,P005,2023-11-27,55,40.51,2228.05
1792,P005,2023-11-28,42,47.5,1995.0
1793,P005,2023-11-29,39,44.5,1735.5
1794,P005,2023-11-30,37,46.85,1733.45
1795,P005,2023-12-01,58,41.09,2383.22
1796,P005,2023-12-02,53,41.89,2220.17
1797,P005,2023-12-03,53,45.85,2430.05
1798,P005,2023-12-04,52,45.92,2387.84
1799,P005,2023-12-05,34,44.71,1520.14
1800,P005,2023-12-06,37,46.89,1734.93
1801,P005,2023-12-07,44,40.79,1794.76
1802,P005,2023-12-08,48,45.27,2172.96
1803,P005,2023-12-09,42,46.64,1958.88
1804,P005,2023-12-10,33,47.8,1577.4
1805,P005,2023-12-11,50,38.75,1937.5
1806,P005,2023-12-12,55,43.62,2399.1
1807,P005,2023-12-13,35,48.69,1704.15
1808,P005,2023-12-14,43,38.4,1651.2
1809,P005,2023-12-15,47,39.16,1840.52
1810,P005,2023-12-16,59,44.41,2620.19
1811,P005,2023-12-17,62,40.21,2493.02
1812,P005,2023-12-18,30,49.1,1473.0
1813,P005,2023-12-19,58,38.81,2250.98
1814,P005,2023-12-20,50,44.58,2229.0
1815,P005,2023-12-21,35,43.87,1535.45
1816,P005,2023-12-22,44,48.56,2136.64
1817,P005,2023-12-23,50,42.81,2140.5
1818,P005,2023-12-24,45,41.54,1869.3
1819,P005,2023-12-25,49,44.15,2163.35
1820,P005,2023-12-26,41,47.15,1933.15
1821,P005,2023-12-27,44,45.85,2017.4
1822,P005,2023-12-28,51,41.57,2120.07
1823,P005,2023-12-29,51,38.25,1950.75
1824,P005,2023-12-30,38,45.69,1736.22
1825,P005,2023-12-31,41,45.37,1860.17
